use president;

Drop table if exists Election;
Drop table if exists Pres_Marriage;
Drop table if exists Admin_Pr_Vp;
Drop table if exists Administration;
Drop table if exists Pres_Hobby;
Drop table if exists President;
Drop table if exists State;

create table State (
	State_Name varchar(17) primary key,
	Admin_Entered int,
	Year_Entered int not null
);

create table President (
	Pres_Name varchar(17) primary key,
	Birth_Year int not null,
	Years_Serv int not null,
	Death_Age int,
	Party varchar(12) not null,
	State_Born varchar(17) not null references State
);

create table Pres_Hobby (
	Pres_Name varchar(17) references President,
	Hobby varchar(18),
	primary key (Pres_Name, Hobby)
);

create table Administration (
	Admin_Nr int,
	Pres_Name varchar(17) references President,
	Year_Inaugurated int not null,
	primary key (Admin_Nr, Pres_Name )
 );

create table Admin_Pr_Vp (
	Admin_Nr int,
	Pres_Name varchar(17),
	Vice_Pres_Name varchar(17),
	foreign key ( Admin_Nr, Pres_Name ) references Administration,
	primary key ( Admin_Nr, Pres_Name, Vice_Pres_Name ),
	check (Pres_Name != Vice_Pres_Name)
 );

create table Pres_Marriage (
	Pres_Name varchar(17) references President,
	Spouse_Name varchar(17),
	Pr_Age int not null,
	Sp_Age int not null,
	Nr_Children int not null,
	Mar_Year int not null,
	primary key(Pres_Name, Spouse_Name)
);

create table Election (
	Election_Year int,
	Candidate varchar(17),
	Votes int,
	Winner_Loser_Indic char(1) not null,
	primary key(Election_Year, Candidate )
);

INSERT INTO STATE (STATE.STATE_NAME, STATE.ADMIN_ENTERED, STATE.YEAR_ENTERED) VALUES ('Massachusetts', null, 1776);
INSERT INTO STATE (STATE.STATE_NAME, STATE.ADMIN_ENTERED, STATE.YEAR_ENTERED) VALUES ('Pennsylvania', null, 1776);
INSERT INTO STATE (STATE.STATE_NAME, STATE.ADMIN_ENTERED, STATE.YEAR_ENTERED) VALUES ('Virginia', null, 1776);
INSERT INTO STATE (STATE.STATE_NAME, STATE.ADMIN_ENTERED, STATE.YEAR_ENTERED) VALUES ('Connecticut', null, 1776);
INSERT INTO STATE (STATE.STATE_NAME, STATE.ADMIN_ENTERED, STATE.YEAR_ENTERED) VALUES ('South Carolina', null, 1776);
INSERT INTO STATE (STATE.STATE_NAME, STATE.ADMIN_ENTERED, STATE.YEAR_ENTERED) VALUES ('Maryland', null, 1776);
INSERT INTO STATE (STATE.STATE_NAME, STATE.ADMIN_ENTERED, STATE.YEAR_ENTERED) VALUES ('New Jersey', null, 1776);
INSERT INTO STATE (STATE.STATE_NAME, STATE.ADMIN_ENTERED, STATE.YEAR_ENTERED) VALUES ('Georgia', null, 1776);
INSERT INTO STATE (STATE.STATE_NAME, STATE.ADMIN_ENTERED, STATE.YEAR_ENTERED) VALUES ('New Hampshire', null, 1776);
INSERT INTO STATE (STATE.STATE_NAME, STATE.ADMIN_ENTERED, STATE.YEAR_ENTERED) VALUES ('Delawhare', null, 1776);
INSERT INTO STATE (STATE.STATE_NAME, STATE.ADMIN_ENTERED, STATE.YEAR_ENTERED) VALUES ('New York', null, 1776);
INSERT INTO STATE (STATE.STATE_NAME, STATE.ADMIN_ENTERED, STATE.YEAR_ENTERED) VALUES ('North Carolina', null, 1776);
INSERT INTO STATE (STATE.STATE_NAME, STATE.ADMIN_ENTERED, STATE.YEAR_ENTERED) VALUES ('Rhode Island', null, 1776);
INSERT INTO STATE (STATE.STATE_NAME, STATE.ADMIN_ENTERED, STATE.YEAR_ENTERED) VALUES ('Vermont', 1.0, 1791);
INSERT INTO STATE (STATE.STATE_NAME, STATE.ADMIN_ENTERED, STATE.YEAR_ENTERED) VALUES ('Kentucky', 1.0, 1792);
INSERT INTO STATE (STATE.STATE_NAME, STATE.ADMIN_ENTERED, STATE.YEAR_ENTERED) VALUES ('Tennesee', 2.0, 1796);
INSERT INTO STATE (STATE.STATE_NAME, STATE.ADMIN_ENTERED, STATE.YEAR_ENTERED) VALUES ('Ohio', 4.0, 1803);
INSERT INTO STATE (STATE.STATE_NAME, STATE.ADMIN_ENTERED, STATE.YEAR_ENTERED) VALUES ('Louisiana', 6.0, 1812);
INSERT INTO STATE (STATE.STATE_NAME, STATE.ADMIN_ENTERED, STATE.YEAR_ENTERED) VALUES ('Indiana', 7.0, 1816);
INSERT INTO STATE (STATE.STATE_NAME, STATE.ADMIN_ENTERED, STATE.YEAR_ENTERED) VALUES ('Mississippi', 8.0, 1817);
INSERT INTO STATE (STATE.STATE_NAME, STATE.ADMIN_ENTERED, STATE.YEAR_ENTERED) VALUES ('Illinois', 8.0, 1818);
INSERT INTO STATE (STATE.STATE_NAME, STATE.ADMIN_ENTERED, STATE.YEAR_ENTERED) VALUES ('Alabama', 8.0, 1819);
INSERT INTO STATE (STATE.STATE_NAME, STATE.ADMIN_ENTERED, STATE.YEAR_ENTERED) VALUES ('Maine', 8.0, 1820);
INSERT INTO STATE (STATE.STATE_NAME, STATE.ADMIN_ENTERED, STATE.YEAR_ENTERED) VALUES ('Missouri', 9.0, 1821);
INSERT INTO STATE (STATE.STATE_NAME, STATE.ADMIN_ENTERED, STATE.YEAR_ENTERED) VALUES ('Arkansas', 12.0, 1836);
INSERT INTO STATE (STATE.STATE_NAME, STATE.ADMIN_ENTERED, STATE.YEAR_ENTERED) VALUES ('Michigan', 12.0, 1837);
INSERT INTO STATE (STATE.STATE_NAME, STATE.ADMIN_ENTERED, STATE.YEAR_ENTERED) VALUES ('Florida', 14.0, 1845);
INSERT INTO STATE (STATE.STATE_NAME, STATE.ADMIN_ENTERED, STATE.YEAR_ENTERED) VALUES ('Texas', 15.0, 1845);
INSERT INTO STATE (STATE.STATE_NAME, STATE.ADMIN_ENTERED, STATE.YEAR_ENTERED) VALUES ('Iowa', 15.0, 1846);
INSERT INTO STATE (STATE.STATE_NAME, STATE.ADMIN_ENTERED, STATE.YEAR_ENTERED) VALUES ('Wisconsin', 15.0, 1848);
INSERT INTO STATE (STATE.STATE_NAME, STATE.ADMIN_ENTERED, STATE.YEAR_ENTERED) VALUES ('California', 16.0, 1850);
INSERT INTO STATE (STATE.STATE_NAME, STATE.ADMIN_ENTERED, STATE.YEAR_ENTERED) VALUES ('Minnesota', 18.0, 1858);
INSERT INTO STATE (STATE.STATE_NAME, STATE.ADMIN_ENTERED, STATE.YEAR_ENTERED) VALUES ('Oregon', 18.0, 1859);
INSERT INTO STATE (STATE.STATE_NAME, STATE.ADMIN_ENTERED, STATE.YEAR_ENTERED) VALUES ('Kansas', 18.0, 1861);
INSERT INTO STATE (STATE.STATE_NAME, STATE.ADMIN_ENTERED, STATE.YEAR_ENTERED) VALUES ('West Virginia', 19.0, 1863);
INSERT INTO STATE (STATE.STATE_NAME, STATE.ADMIN_ENTERED, STATE.YEAR_ENTERED) VALUES ('Nevada', 19.0, 1864);
INSERT INTO STATE (STATE.STATE_NAME, STATE.ADMIN_ENTERED, STATE.YEAR_ENTERED) VALUES ('Nebraska', 20.0, 1867);
INSERT INTO STATE (STATE.STATE_NAME, STATE.ADMIN_ENTERED, STATE.YEAR_ENTERED) VALUES ('Colorado', 22.0, 1876);
INSERT INTO STATE (STATE.STATE_NAME, STATE.ADMIN_ENTERED, STATE.YEAR_ENTERED) VALUES ('North Dakota', 26.0, 1889);
INSERT INTO STATE (STATE.STATE_NAME, STATE.ADMIN_ENTERED, STATE.YEAR_ENTERED) VALUES ('South Dakota', 26.0, 1889);
INSERT INTO STATE (STATE.STATE_NAME, STATE.ADMIN_ENTERED, STATE.YEAR_ENTERED) VALUES ('Montana', 26.0, 1889);
INSERT INTO STATE (STATE.STATE_NAME, STATE.ADMIN_ENTERED, STATE.YEAR_ENTERED) VALUES ('Washington', 26.0, 1889);
INSERT INTO STATE (STATE.STATE_NAME, STATE.ADMIN_ENTERED, STATE.YEAR_ENTERED) VALUES ('Idaho', 26.0, 1890);
INSERT INTO STATE (STATE.STATE_NAME, STATE.ADMIN_ENTERED, STATE.YEAR_ENTERED) VALUES ('Wyoming', 26.0, 1890);
INSERT INTO STATE (STATE.STATE_NAME, STATE.ADMIN_ENTERED, STATE.YEAR_ENTERED) VALUES ('Utah', 27.0, 1896);
INSERT INTO STATE (STATE.STATE_NAME, STATE.ADMIN_ENTERED, STATE.YEAR_ENTERED) VALUES ('Oklahoma', 30.0, 1907);
INSERT INTO STATE (STATE.STATE_NAME, STATE.ADMIN_ENTERED, STATE.YEAR_ENTERED) VALUES ('New Mexico', 31.0, 1912);
INSERT INTO STATE (STATE.STATE_NAME, STATE.ADMIN_ENTERED, STATE.YEAR_ENTERED) VALUES ('Arizona', 31.0, 1912);
INSERT INTO STATE (STATE.STATE_NAME, STATE.ADMIN_ENTERED, STATE.YEAR_ENTERED) VALUES ('Alaska', 43.0, 1959);
INSERT INTO STATE (STATE.STATE_NAME, STATE.ADMIN_ENTERED, STATE.YEAR_ENTERED) VALUES ('Hawaii', 43.0, 1959);

INSERT INTO PRESIDENT (PRESIDENT.PRES_NAME, PRESIDENT.BIRTH_YEAR, PRESIDENT.YEARS_SERV, PRESIDENT.DEATH_AGE, PRESIDENT.PARTY, PRESIDENT.STATE_BORN) VALUES ('Washington G', 1732, 7, 67.0, 'Federalist', 'Virginia');
INSERT INTO PRESIDENT (PRESIDENT.PRES_NAME, PRESIDENT.BIRTH_YEAR, PRESIDENT.YEARS_SERV, PRESIDENT.DEATH_AGE, PRESIDENT.PARTY, PRESIDENT.STATE_BORN) VALUES ('Adams J', 1735, 4, 90.0, 'Federalist', 'Massachusetts');
INSERT INTO PRESIDENT (PRESIDENT.PRES_NAME, PRESIDENT.BIRTH_YEAR, PRESIDENT.YEARS_SERV, PRESIDENT.DEATH_AGE, PRESIDENT.PARTY, PRESIDENT.STATE_BORN) VALUES ('Jefferson T', 1743, 8, 83.0, 'Demo-Rep', 'Virginia');
INSERT INTO PRESIDENT (PRESIDENT.PRES_NAME, PRESIDENT.BIRTH_YEAR, PRESIDENT.YEARS_SERV, PRESIDENT.DEATH_AGE, PRESIDENT.PARTY, PRESIDENT.STATE_BORN) VALUES ('Madison J', 1751, 8, 85.0, 'Demo-Rep', 'Virginia');
INSERT INTO PRESIDENT (PRESIDENT.PRES_NAME, PRESIDENT.BIRTH_YEAR, PRESIDENT.YEARS_SERV, PRESIDENT.DEATH_AGE, PRESIDENT.PARTY, PRESIDENT.STATE_BORN) VALUES ('Monroe J', 1758, 8, 73.0, 'Demo-Rep', 'Virginia');
INSERT INTO PRESIDENT (PRESIDENT.PRES_NAME, PRESIDENT.BIRTH_YEAR, PRESIDENT.YEARS_SERV, PRESIDENT.DEATH_AGE, PRESIDENT.PARTY, PRESIDENT.STATE_BORN) VALUES ('Adams J Q', 1767, 4, 80.0, 'Demo-Rep', 'Massachusetts');
INSERT INTO PRESIDENT (PRESIDENT.PRES_NAME, PRESIDENT.BIRTH_YEAR, PRESIDENT.YEARS_SERV, PRESIDENT.DEATH_AGE, PRESIDENT.PARTY, PRESIDENT.STATE_BORN) VALUES ('Jackson A', 1767, 8, 78.0, 'Democratic', 'South Carolina');
INSERT INTO PRESIDENT (PRESIDENT.PRES_NAME, PRESIDENT.BIRTH_YEAR, PRESIDENT.YEARS_SERV, PRESIDENT.DEATH_AGE, PRESIDENT.PARTY, PRESIDENT.STATE_BORN) VALUES ('Van Buren M', 1782, 4, 79.0, 'Democratic', 'New York');
INSERT INTO PRESIDENT (PRESIDENT.PRES_NAME, PRESIDENT.BIRTH_YEAR, PRESIDENT.YEARS_SERV, PRESIDENT.DEATH_AGE, PRESIDENT.PARTY, PRESIDENT.STATE_BORN) VALUES ('Harrison W H', 1773, 0, 68.0, 'Whig', 'Virginia');
INSERT INTO PRESIDENT (PRESIDENT.PRES_NAME, PRESIDENT.BIRTH_YEAR, PRESIDENT.YEARS_SERV, PRESIDENT.DEATH_AGE, PRESIDENT.PARTY, PRESIDENT.STATE_BORN) VALUES ('Tyler J', 1790, 3, 71.0, 'Whig', 'Virginia');
INSERT INTO PRESIDENT (PRESIDENT.PRES_NAME, PRESIDENT.BIRTH_YEAR, PRESIDENT.YEARS_SERV, PRESIDENT.DEATH_AGE, PRESIDENT.PARTY, PRESIDENT.STATE_BORN) VALUES ('Polk J K', 1795, 4, 53.0, 'Democratic', 'North Carolina');
INSERT INTO PRESIDENT (PRESIDENT.PRES_NAME, PRESIDENT.BIRTH_YEAR, PRESIDENT.YEARS_SERV, PRESIDENT.DEATH_AGE, PRESIDENT.PARTY, PRESIDENT.STATE_BORN) VALUES ('Taylor Z', 1784, 1, 65.0, 'Whig', 'Virginia');
INSERT INTO PRESIDENT (PRESIDENT.PRES_NAME, PRESIDENT.BIRTH_YEAR, PRESIDENT.YEARS_SERV, PRESIDENT.DEATH_AGE, PRESIDENT.PARTY, PRESIDENT.STATE_BORN) VALUES ('Fillmore M', 1800, 2, 74.0, 'Whig', 'New York');
INSERT INTO PRESIDENT (PRESIDENT.PRES_NAME, PRESIDENT.BIRTH_YEAR, PRESIDENT.YEARS_SERV, PRESIDENT.DEATH_AGE, PRESIDENT.PARTY, PRESIDENT.STATE_BORN) VALUES ('Pierce F', 1804, 4, 64.0, 'Democratic', 'New Hampshire');
INSERT INTO PRESIDENT (PRESIDENT.PRES_NAME, PRESIDENT.BIRTH_YEAR, PRESIDENT.YEARS_SERV, PRESIDENT.DEATH_AGE, PRESIDENT.PARTY, PRESIDENT.STATE_BORN) VALUES ('Buchanan J', 1791, 4, 77.0, 'Democratic', 'Pennsylvania');
INSERT INTO PRESIDENT (PRESIDENT.PRES_NAME, PRESIDENT.BIRTH_YEAR, PRESIDENT.YEARS_SERV, PRESIDENT.DEATH_AGE, PRESIDENT.PARTY, PRESIDENT.STATE_BORN) VALUES ('Lincoln A', 1809, 4, 56.0, 'Republican', 'Kentucky');
INSERT INTO PRESIDENT (PRESIDENT.PRES_NAME, PRESIDENT.BIRTH_YEAR, PRESIDENT.YEARS_SERV, PRESIDENT.DEATH_AGE, PRESIDENT.PARTY, PRESIDENT.STATE_BORN) VALUES ('Johnson A', 1808, 4, 66.0, 'Democratic', 'North Carolina');
INSERT INTO PRESIDENT (PRESIDENT.PRES_NAME, PRESIDENT.BIRTH_YEAR, PRESIDENT.YEARS_SERV, PRESIDENT.DEATH_AGE, PRESIDENT.PARTY, PRESIDENT.STATE_BORN) VALUES ('Grant U S', 1822, 8, 63.0, 'Republican', 'Ohio');
INSERT INTO PRESIDENT (PRESIDENT.PRES_NAME, PRESIDENT.BIRTH_YEAR, PRESIDENT.YEARS_SERV, PRESIDENT.DEATH_AGE, PRESIDENT.PARTY, PRESIDENT.STATE_BORN) VALUES ('Hayes R B', 1822, 4, 70.0, 'Republican', 'Ohio');
INSERT INTO PRESIDENT (PRESIDENT.PRES_NAME, PRESIDENT.BIRTH_YEAR, PRESIDENT.YEARS_SERV, PRESIDENT.DEATH_AGE, PRESIDENT.PARTY, PRESIDENT.STATE_BORN) VALUES ('Garfield J A', 1831, 0, 49.0, 'Republican', 'Ohio');
INSERT INTO PRESIDENT (PRESIDENT.PRES_NAME, PRESIDENT.BIRTH_YEAR, PRESIDENT.YEARS_SERV, PRESIDENT.DEATH_AGE, PRESIDENT.PARTY, PRESIDENT.STATE_BORN) VALUES ('Arthur C A', 1829, 3, 57.0, 'Republican', 'Vermont');
INSERT INTO PRESIDENT (PRESIDENT.PRES_NAME, PRESIDENT.BIRTH_YEAR, PRESIDENT.YEARS_SERV, PRESIDENT.DEATH_AGE, PRESIDENT.PARTY, PRESIDENT.STATE_BORN) VALUES ('Cleveland G', 1837, 8, 71.0, 'Democratic', 'New Jersey');
INSERT INTO PRESIDENT (PRESIDENT.PRES_NAME, PRESIDENT.BIRTH_YEAR, PRESIDENT.YEARS_SERV, PRESIDENT.DEATH_AGE, PRESIDENT.PARTY, PRESIDENT.STATE_BORN) VALUES ('Harrison B', 1833, 4, 67.0, 'Republican', 'Ohio');
INSERT INTO PRESIDENT (PRESIDENT.PRES_NAME, PRESIDENT.BIRTH_YEAR, PRESIDENT.YEARS_SERV, PRESIDENT.DEATH_AGE, PRESIDENT.PARTY, PRESIDENT.STATE_BORN) VALUES ('McKinley W', 1843, 4, 58.0, 'Republican', 'Ohio');
INSERT INTO PRESIDENT (PRESIDENT.PRES_NAME, PRESIDENT.BIRTH_YEAR, PRESIDENT.YEARS_SERV, PRESIDENT.DEATH_AGE, PRESIDENT.PARTY, PRESIDENT.STATE_BORN) VALUES ('Roosevelt T', 1858, 7, 60.0, 'Republican', 'New York');
INSERT INTO PRESIDENT (PRESIDENT.PRES_NAME, PRESIDENT.BIRTH_YEAR, PRESIDENT.YEARS_SERV, PRESIDENT.DEATH_AGE, PRESIDENT.PARTY, PRESIDENT.STATE_BORN) VALUES ('Taft W H', 1857, 4, 72.0, 'Republican', 'Ohio');
INSERT INTO PRESIDENT (PRESIDENT.PRES_NAME, PRESIDENT.BIRTH_YEAR, PRESIDENT.YEARS_SERV, PRESIDENT.DEATH_AGE, PRESIDENT.PARTY, PRESIDENT.STATE_BORN) VALUES ('Wilson W', 1856, 8, 67.0, 'Democratic', 'Virginia');
INSERT INTO PRESIDENT (PRESIDENT.PRES_NAME, PRESIDENT.BIRTH_YEAR, PRESIDENT.YEARS_SERV, PRESIDENT.DEATH_AGE, PRESIDENT.PARTY, PRESIDENT.STATE_BORN) VALUES ('Harding W G', 1865, 2, 57.0, 'Republican', 'Ohio');
INSERT INTO PRESIDENT (PRESIDENT.PRES_NAME, PRESIDENT.BIRTH_YEAR, PRESIDENT.YEARS_SERV, PRESIDENT.DEATH_AGE, PRESIDENT.PARTY, PRESIDENT.STATE_BORN) VALUES ('Coolidge C', 1872, 5, 60.0, 'Republican', 'Vermont');
INSERT INTO PRESIDENT (PRESIDENT.PRES_NAME, PRESIDENT.BIRTH_YEAR, PRESIDENT.YEARS_SERV, PRESIDENT.DEATH_AGE, PRESIDENT.PARTY, PRESIDENT.STATE_BORN) VALUES ('Hoover H', 1874, 4, 90.0, 'Republican', 'Iowa');
INSERT INTO PRESIDENT (PRESIDENT.PRES_NAME, PRESIDENT.BIRTH_YEAR, PRESIDENT.YEARS_SERV, PRESIDENT.DEATH_AGE, PRESIDENT.PARTY, PRESIDENT.STATE_BORN) VALUES ('Roosevelt F D', 1882, 12, 63.0, 'Democratic', 'New York');
INSERT INTO PRESIDENT (PRESIDENT.PRES_NAME, PRESIDENT.BIRTH_YEAR, PRESIDENT.YEARS_SERV, PRESIDENT.DEATH_AGE, PRESIDENT.PARTY, PRESIDENT.STATE_BORN) VALUES ('Truman H S', 1884, 7, 88.0, 'Democratic', 'Missouri');
INSERT INTO PRESIDENT (PRESIDENT.PRES_NAME, PRESIDENT.BIRTH_YEAR, PRESIDENT.YEARS_SERV, PRESIDENT.DEATH_AGE, PRESIDENT.PARTY, PRESIDENT.STATE_BORN) VALUES ('Eisenhower D D', 1890, 8, 78.0, 'Republican', 'Texas');
INSERT INTO PRESIDENT (PRESIDENT.PRES_NAME, PRESIDENT.BIRTH_YEAR, PRESIDENT.YEARS_SERV, PRESIDENT.DEATH_AGE, PRESIDENT.PARTY, PRESIDENT.STATE_BORN) VALUES ('Kennedy J F', 1917, 2, 46.0, 'Democratic', 'Massachusetts');
INSERT INTO PRESIDENT (PRESIDENT.PRES_NAME, PRESIDENT.BIRTH_YEAR, PRESIDENT.YEARS_SERV, PRESIDENT.DEATH_AGE, PRESIDENT.PARTY, PRESIDENT.STATE_BORN) VALUES ('Johnson L B', 1908, 5, 64.0, 'Democratic', 'California');
INSERT INTO PRESIDENT (PRESIDENT.PRES_NAME, PRESIDENT.BIRTH_YEAR, PRESIDENT.YEARS_SERV, PRESIDENT.DEATH_AGE, PRESIDENT.PARTY, PRESIDENT.STATE_BORN) VALUES ('Nixon R M', 1913, 5, 81.0, 'Republican', 'California');
INSERT INTO PRESIDENT (PRESIDENT.PRES_NAME, PRESIDENT.BIRTH_YEAR, PRESIDENT.YEARS_SERV, PRESIDENT.DEATH_AGE, PRESIDENT.PARTY, PRESIDENT.STATE_BORN) VALUES ('Ford G R', 1913, 3, 93.0, 'Republican', 'Nebraska');
INSERT INTO PRESIDENT (PRESIDENT.PRES_NAME, PRESIDENT.BIRTH_YEAR, PRESIDENT.YEARS_SERV, PRESIDENT.DEATH_AGE, PRESIDENT.PARTY, PRESIDENT.STATE_BORN) VALUES ('Carter J E', 1924, 4, null, 'Democratic', 'Georgia');
INSERT INTO PRESIDENT (PRESIDENT.PRES_NAME, PRESIDENT.BIRTH_YEAR, PRESIDENT.YEARS_SERV, PRESIDENT.DEATH_AGE, PRESIDENT.PARTY, PRESIDENT.STATE_BORN) VALUES ('Reagan R W', 1911, 8, 93.0, 'Republican', 'Illinois');
INSERT INTO PRESIDENT (PRESIDENT.PRES_NAME, PRESIDENT.BIRTH_YEAR, PRESIDENT.YEARS_SERV, PRESIDENT.DEATH_AGE, PRESIDENT.PARTY, PRESIDENT.STATE_BORN) VALUES ('Bush G H W', 1924, 4, null, 'Republican', 'Massachusetts');
INSERT INTO PRESIDENT (PRESIDENT.PRES_NAME, PRESIDENT.BIRTH_YEAR, PRESIDENT.YEARS_SERV, PRESIDENT.DEATH_AGE, PRESIDENT.PARTY, PRESIDENT.STATE_BORN) VALUES ('Clinton W J', 1946, 8, null, 'Democratic', 'Arkansas');
INSERT INTO PRESIDENT (PRESIDENT.PRES_NAME, PRESIDENT.BIRTH_YEAR, PRESIDENT.YEARS_SERV, PRESIDENT.DEATH_AGE, PRESIDENT.PARTY, PRESIDENT.STATE_BORN) VALUES ('Bush G W', 1946, 8, null, 'Republican', 'Texas');
INSERT INTO PRESIDENT (PRESIDENT.PRES_NAME, PRESIDENT.BIRTH_YEAR, PRESIDENT.YEARS_SERV, PRESIDENT.DEATH_AGE, PRESIDENT.PARTY, PRESIDENT.STATE_BORN) VALUES ('Obama B H', 1961, 8, null, 'Democratic', 'Hawaii');
INSERT INTO PRESIDENT (PRESIDENT.PRES_NAME, PRESIDENT.BIRTH_YEAR, PRESIDENT.YEARS_SERV, PRESIDENT.DEATH_AGE, PRESIDENT.PARTY, PRESIDENT.STATE_BORN) VALUES ('Trump D J', 1946, 4, null, 'Republican', 'New York');
INSERT INTO PRESIDENT (PRESIDENT.PRES_NAME, PRESIDENT.BIRTH_YEAR, PRESIDENT.YEARS_SERV, PRESIDENT.DEATH_AGE, PRESIDENT.PARTY, PRESIDENT.STATE_BORN) VALUES ('Biden J', 1942, 2, null, 'Democratic', 'Pennsylvania');

INSERT INTO PRES_HOBBY (PRES_HOBBY.PRES_NAME, PRES_HOBBY.HOBBY) VALUES ('Adams J Q', 'Billards');
INSERT INTO PRES_HOBBY (PRES_HOBBY.PRES_NAME, PRES_HOBBY.HOBBY) VALUES ('Adams J Q', 'Swimming');
INSERT INTO PRES_HOBBY (PRES_HOBBY.PRES_NAME, PRES_HOBBY.HOBBY) VALUES ('Adams J Q', 'Walking');
INSERT INTO PRES_HOBBY (PRES_HOBBY.PRES_NAME, PRES_HOBBY.HOBBY) VALUES ('Arthur C A', 'Fishing');
INSERT INTO PRES_HOBBY (PRES_HOBBY.PRES_NAME, PRES_HOBBY.HOBBY) VALUES ('Biden J', 'Exercise');
INSERT INTO PRES_HOBBY (PRES_HOBBY.PRES_NAME, PRES_HOBBY.HOBBY) VALUES ('Biden J', 'Sports');
INSERT INTO PRES_HOBBY (PRES_HOBBY.PRES_NAME, PRES_HOBBY.HOBBY) VALUES ('Biden J', 'Reading');
INSERT INTO PRES_HOBBY (PRES_HOBBY.PRES_NAME, PRES_HOBBY.HOBBY) VALUES ('Bush G H W', 'Sailing');
INSERT INTO PRES_HOBBY (PRES_HOBBY.PRES_NAME, PRES_HOBBY.HOBBY) VALUES ('Bush G W', 'Baseball');
INSERT INTO PRES_HOBBY (PRES_HOBBY.PRES_NAME, PRES_HOBBY.HOBBY) VALUES ('Bush G W', 'Fishing');
INSERT INTO PRES_HOBBY (PRES_HOBBY.PRES_NAME, PRES_HOBBY.HOBBY) VALUES ('Bush G W', 'Golf');
INSERT INTO PRES_HOBBY (PRES_HOBBY.PRES_NAME, PRES_HOBBY.HOBBY) VALUES ('Bush G W', 'War');
INSERT INTO PRES_HOBBY (PRES_HOBBY.PRES_NAME, PRES_HOBBY.HOBBY) VALUES ('Cleveland G', 'Fishing');
INSERT INTO PRES_HOBBY (PRES_HOBBY.PRES_NAME, PRES_HOBBY.HOBBY) VALUES ('Clinton W J', 'Saxophone');
INSERT INTO PRES_HOBBY (PRES_HOBBY.PRES_NAME, PRES_HOBBY.HOBBY) VALUES ('Coolidge C', 'Fishing');
INSERT INTO PRES_HOBBY (PRES_HOBBY.PRES_NAME, PRES_HOBBY.HOBBY) VALUES ('Coolidge C', 'Golf');
INSERT INTO PRES_HOBBY (PRES_HOBBY.PRES_NAME, PRES_HOBBY.HOBBY) VALUES ('Coolidge C', 'Indian Clubs');
INSERT INTO PRES_HOBBY (PRES_HOBBY.PRES_NAME, PRES_HOBBY.HOBBY) VALUES ('Coolidge C', 'Mechanical Horse');
INSERT INTO PRES_HOBBY (PRES_HOBBY.PRES_NAME, PRES_HOBBY.HOBBY) VALUES ('Coolidge C', 'Pitching Hay');
INSERT INTO PRES_HOBBY (PRES_HOBBY.PRES_NAME, PRES_HOBBY.HOBBY) VALUES ('Eisenhower D D', 'Bridge');
INSERT INTO PRES_HOBBY (PRES_HOBBY.PRES_NAME, PRES_HOBBY.HOBBY) VALUES ('Eisenhower D D', 'Fishing');
INSERT INTO PRES_HOBBY (PRES_HOBBY.PRES_NAME, PRES_HOBBY.HOBBY) VALUES ('Eisenhower D D', 'Golf');
INSERT INTO PRES_HOBBY (PRES_HOBBY.PRES_NAME, PRES_HOBBY.HOBBY) VALUES ('Eisenhower D D', 'Hunting');
INSERT INTO PRES_HOBBY (PRES_HOBBY.PRES_NAME, PRES_HOBBY.HOBBY) VALUES ('Eisenhower D D', 'Painting');
INSERT INTO PRES_HOBBY (PRES_HOBBY.PRES_NAME, PRES_HOBBY.HOBBY) VALUES ('Garfield J A', 'Billards');
INSERT INTO PRES_HOBBY (PRES_HOBBY.PRES_NAME, PRES_HOBBY.HOBBY) VALUES ('Harding W G', 'Golf');
INSERT INTO PRES_HOBBY (PRES_HOBBY.PRES_NAME, PRES_HOBBY.HOBBY) VALUES ('Harding W G', 'Poker');
INSERT INTO PRES_HOBBY (PRES_HOBBY.PRES_NAME, PRES_HOBBY.HOBBY) VALUES ('Harding W G', 'Riding');
INSERT INTO PRES_HOBBY (PRES_HOBBY.PRES_NAME, PRES_HOBBY.HOBBY) VALUES ('Harrison B', 'Hunting');
INSERT INTO PRES_HOBBY (PRES_HOBBY.PRES_NAME, PRES_HOBBY.HOBBY) VALUES ('Hayes R B', 'Croquet');
INSERT INTO PRES_HOBBY (PRES_HOBBY.PRES_NAME, PRES_HOBBY.HOBBY) VALUES ('Hayes R B', 'Driving');
INSERT INTO PRES_HOBBY (PRES_HOBBY.PRES_NAME, PRES_HOBBY.HOBBY) VALUES ('Hayes R B', 'Shooting');
INSERT INTO PRES_HOBBY (PRES_HOBBY.PRES_NAME, PRES_HOBBY.HOBBY) VALUES ('Hoover H', 'Fishing');
INSERT INTO PRES_HOBBY (PRES_HOBBY.PRES_NAME, PRES_HOBBY.HOBBY) VALUES ('Hoover H', 'Medicine Ball');
INSERT INTO PRES_HOBBY (PRES_HOBBY.PRES_NAME, PRES_HOBBY.HOBBY) VALUES ('Jackson A', 'Riding');
INSERT INTO PRES_HOBBY (PRES_HOBBY.PRES_NAME, PRES_HOBBY.HOBBY) VALUES ('Jefferson T', 'Fishing');
INSERT INTO PRES_HOBBY (PRES_HOBBY.PRES_NAME, PRES_HOBBY.HOBBY) VALUES ('Jefferson T', 'Riding');
INSERT INTO PRES_HOBBY (PRES_HOBBY.PRES_NAME, PRES_HOBBY.HOBBY) VALUES ('Johnson L B', 'Riding');
INSERT INTO PRES_HOBBY (PRES_HOBBY.PRES_NAME, PRES_HOBBY.HOBBY) VALUES ('Kennedy J F', 'Sailing');
INSERT INTO PRES_HOBBY (PRES_HOBBY.PRES_NAME, PRES_HOBBY.HOBBY) VALUES ('Kennedy J F', 'Swimming');
INSERT INTO PRES_HOBBY (PRES_HOBBY.PRES_NAME, PRES_HOBBY.HOBBY) VALUES ('Kennedy J F', 'Touch Football');
INSERT INTO PRES_HOBBY (PRES_HOBBY.PRES_NAME, PRES_HOBBY.HOBBY) VALUES ('Lincoln A', 'Walking');
INSERT INTO PRES_HOBBY (PRES_HOBBY.PRES_NAME, PRES_HOBBY.HOBBY) VALUES ('McKinley W', 'Riding');
INSERT INTO PRES_HOBBY (PRES_HOBBY.PRES_NAME, PRES_HOBBY.HOBBY) VALUES ('McKinley W', 'Swimming');
INSERT INTO PRES_HOBBY (PRES_HOBBY.PRES_NAME, PRES_HOBBY.HOBBY) VALUES ('McKinley W', 'Walking');
INSERT INTO PRES_HOBBY (PRES_HOBBY.PRES_NAME, PRES_HOBBY.HOBBY) VALUES ('Nixon R M', 'Golf');
INSERT INTO PRES_HOBBY (PRES_HOBBY.PRES_NAME, PRES_HOBBY.HOBBY) VALUES ('Obama B H', 'Basketball');
INSERT INTO PRES_HOBBY (PRES_HOBBY.PRES_NAME, PRES_HOBBY.HOBBY) VALUES ('Obama B H', 'Cooking');
INSERT INTO PRES_HOBBY (PRES_HOBBY.PRES_NAME, PRES_HOBBY.HOBBY) VALUES ('Obama B H', 'Poker');
INSERT INTO PRES_HOBBY (PRES_HOBBY.PRES_NAME, PRES_HOBBY.HOBBY) VALUES ('Reagan R W', 'SDI');
INSERT INTO PRES_HOBBY (PRES_HOBBY.PRES_NAME, PRES_HOBBY.HOBBY) VALUES ('Roosevelt F D', 'Fishing');
INSERT INTO PRES_HOBBY (PRES_HOBBY.PRES_NAME, PRES_HOBBY.HOBBY) VALUES ('Roosevelt F D', 'Sailing');
INSERT INTO PRES_HOBBY (PRES_HOBBY.PRES_NAME, PRES_HOBBY.HOBBY) VALUES ('Roosevelt F D', 'Swimming');
INSERT INTO PRES_HOBBY (PRES_HOBBY.PRES_NAME, PRES_HOBBY.HOBBY) VALUES ('Roosevelt T', 'Boxing');
INSERT INTO PRES_HOBBY (PRES_HOBBY.PRES_NAME, PRES_HOBBY.HOBBY) VALUES ('Roosevelt T', 'Hunting');
INSERT INTO PRES_HOBBY (PRES_HOBBY.PRES_NAME, PRES_HOBBY.HOBBY) VALUES ('Roosevelt T', 'Jujitsu');
INSERT INTO PRES_HOBBY (PRES_HOBBY.PRES_NAME, PRES_HOBBY.HOBBY) VALUES ('Roosevelt T', 'Riding');
INSERT INTO PRES_HOBBY (PRES_HOBBY.PRES_NAME, PRES_HOBBY.HOBBY) VALUES ('Roosevelt T', 'Shooting');
INSERT INTO PRES_HOBBY (PRES_HOBBY.PRES_NAME, PRES_HOBBY.HOBBY) VALUES ('Roosevelt T', 'Tennis');
INSERT INTO PRES_HOBBY (PRES_HOBBY.PRES_NAME, PRES_HOBBY.HOBBY) VALUES ('Roosevelt T', 'Wrestling');
INSERT INTO PRES_HOBBY (PRES_HOBBY.PRES_NAME, PRES_HOBBY.HOBBY) VALUES ('Taft W H', 'Golf');
INSERT INTO PRES_HOBBY (PRES_HOBBY.PRES_NAME, PRES_HOBBY.HOBBY) VALUES ('Taft W H', 'Riding');
INSERT INTO PRES_HOBBY (PRES_HOBBY.PRES_NAME, PRES_HOBBY.HOBBY) VALUES ('Taylor Z', 'Riding');
INSERT INTO PRES_HOBBY (PRES_HOBBY.PRES_NAME, PRES_HOBBY.HOBBY) VALUES ('Truman H S', 'Fishing');
INSERT INTO PRES_HOBBY (PRES_HOBBY.PRES_NAME, PRES_HOBBY.HOBBY) VALUES ('Truman H S', 'Poker');
INSERT INTO PRES_HOBBY (PRES_HOBBY.PRES_NAME, PRES_HOBBY.HOBBY) VALUES ('Truman H S', 'Walking');
INSERT INTO PRES_HOBBY (PRES_HOBBY.PRES_NAME, PRES_HOBBY.HOBBY) VALUES ('Trump D J', 'Alternative Facts');
INSERT INTO PRES_HOBBY (PRES_HOBBY.PRES_NAME, PRES_HOBBY.HOBBY) VALUES ('Trump D J', 'Golf');
INSERT INTO PRES_HOBBY (PRES_HOBBY.PRES_NAME, PRES_HOBBY.HOBBY) VALUES ('Van Buren M', 'Riding');
INSERT INTO PRES_HOBBY (PRES_HOBBY.PRES_NAME, PRES_HOBBY.HOBBY) VALUES ('Washington G', 'Fishing');
INSERT INTO PRES_HOBBY (PRES_HOBBY.PRES_NAME, PRES_HOBBY.HOBBY) VALUES ('Washington G', 'Riding');
INSERT INTO PRES_HOBBY (PRES_HOBBY.PRES_NAME, PRES_HOBBY.HOBBY) VALUES ('Wilson W', 'Golf');
INSERT INTO PRES_HOBBY (PRES_HOBBY.PRES_NAME, PRES_HOBBY.HOBBY) VALUES ('Wilson W', 'Riding');
INSERT INTO PRES_HOBBY (PRES_HOBBY.PRES_NAME, PRES_HOBBY.HOBBY) VALUES ('Wilson W', 'Walking');

INSERT INTO ADMINISTRATION (ADMINISTRATION.ADMIN_NR, ADMINISTRATION.PRES_NAME, ADMINISTRATION.YEAR_INAUGURATED) VALUES (1, 'Washington G', 1789);
INSERT INTO ADMINISTRATION (ADMINISTRATION.ADMIN_NR, ADMINISTRATION.PRES_NAME, ADMINISTRATION.YEAR_INAUGURATED) VALUES (2, 'Washington G', 1793);
INSERT INTO ADMINISTRATION (ADMINISTRATION.ADMIN_NR, ADMINISTRATION.PRES_NAME, ADMINISTRATION.YEAR_INAUGURATED) VALUES (3, 'Adams J', 1797);
INSERT INTO ADMINISTRATION (ADMINISTRATION.ADMIN_NR, ADMINISTRATION.PRES_NAME, ADMINISTRATION.YEAR_INAUGURATED) VALUES (4, 'Jefferson T', 1801);
INSERT INTO ADMINISTRATION (ADMINISTRATION.ADMIN_NR, ADMINISTRATION.PRES_NAME, ADMINISTRATION.YEAR_INAUGURATED) VALUES (5, 'Jefferson T', 1805);
INSERT INTO ADMINISTRATION (ADMINISTRATION.ADMIN_NR, ADMINISTRATION.PRES_NAME, ADMINISTRATION.YEAR_INAUGURATED) VALUES (6, 'Madison J', 1809);
INSERT INTO ADMINISTRATION (ADMINISTRATION.ADMIN_NR, ADMINISTRATION.PRES_NAME, ADMINISTRATION.YEAR_INAUGURATED) VALUES (7, 'Madison J', 1813);
INSERT INTO ADMINISTRATION (ADMINISTRATION.ADMIN_NR, ADMINISTRATION.PRES_NAME, ADMINISTRATION.YEAR_INAUGURATED) VALUES (8, 'Monroe J', 1817);
INSERT INTO ADMINISTRATION (ADMINISTRATION.ADMIN_NR, ADMINISTRATION.PRES_NAME, ADMINISTRATION.YEAR_INAUGURATED) VALUES (9, 'Monroe J', 1821);
INSERT INTO ADMINISTRATION (ADMINISTRATION.ADMIN_NR, ADMINISTRATION.PRES_NAME, ADMINISTRATION.YEAR_INAUGURATED) VALUES (10, 'Adams J Q', 1825);
INSERT INTO ADMINISTRATION (ADMINISTRATION.ADMIN_NR, ADMINISTRATION.PRES_NAME, ADMINISTRATION.YEAR_INAUGURATED) VALUES (11, 'Jackson A', 1829);
INSERT INTO ADMINISTRATION (ADMINISTRATION.ADMIN_NR, ADMINISTRATION.PRES_NAME, ADMINISTRATION.YEAR_INAUGURATED) VALUES (12, 'Jackson A', 1833);
INSERT INTO ADMINISTRATION (ADMINISTRATION.ADMIN_NR, ADMINISTRATION.PRES_NAME, ADMINISTRATION.YEAR_INAUGURATED) VALUES (13, 'Van Buren M', 1837);
INSERT INTO ADMINISTRATION (ADMINISTRATION.ADMIN_NR, ADMINISTRATION.PRES_NAME, ADMINISTRATION.YEAR_INAUGURATED) VALUES (14, 'Harrison W H', 1841);
INSERT INTO ADMINISTRATION (ADMINISTRATION.ADMIN_NR, ADMINISTRATION.PRES_NAME, ADMINISTRATION.YEAR_INAUGURATED) VALUES (14, 'Tyler J', 1841);
INSERT INTO ADMINISTRATION (ADMINISTRATION.ADMIN_NR, ADMINISTRATION.PRES_NAME, ADMINISTRATION.YEAR_INAUGURATED) VALUES (15, 'Polk J K', 1845);
INSERT INTO ADMINISTRATION (ADMINISTRATION.ADMIN_NR, ADMINISTRATION.PRES_NAME, ADMINISTRATION.YEAR_INAUGURATED) VALUES (16, 'Taylor Z', 1849);
INSERT INTO ADMINISTRATION (ADMINISTRATION.ADMIN_NR, ADMINISTRATION.PRES_NAME, ADMINISTRATION.YEAR_INAUGURATED) VALUES (16, 'Fillmore M', 1850);
INSERT INTO ADMINISTRATION (ADMINISTRATION.ADMIN_NR, ADMINISTRATION.PRES_NAME, ADMINISTRATION.YEAR_INAUGURATED) VALUES (17, 'Pierce F', 1853);
INSERT INTO ADMINISTRATION (ADMINISTRATION.ADMIN_NR, ADMINISTRATION.PRES_NAME, ADMINISTRATION.YEAR_INAUGURATED) VALUES (18, 'Buchanan J', 1857);
INSERT INTO ADMINISTRATION (ADMINISTRATION.ADMIN_NR, ADMINISTRATION.PRES_NAME, ADMINISTRATION.YEAR_INAUGURATED) VALUES (19, 'Lincoln A', 1861);
INSERT INTO ADMINISTRATION (ADMINISTRATION.ADMIN_NR, ADMINISTRATION.PRES_NAME, ADMINISTRATION.YEAR_INAUGURATED) VALUES (20, 'Lincoln A', 1865);
INSERT INTO ADMINISTRATION (ADMINISTRATION.ADMIN_NR, ADMINISTRATION.PRES_NAME, ADMINISTRATION.YEAR_INAUGURATED) VALUES (20, 'Johnson A', 1865);
INSERT INTO ADMINISTRATION (ADMINISTRATION.ADMIN_NR, ADMINISTRATION.PRES_NAME, ADMINISTRATION.YEAR_INAUGURATED) VALUES (21, 'Grant U S', 1869);
INSERT INTO ADMINISTRATION (ADMINISTRATION.ADMIN_NR, ADMINISTRATION.PRES_NAME, ADMINISTRATION.YEAR_INAUGURATED) VALUES (22, 'Grant U S', 1873);
INSERT INTO ADMINISTRATION (ADMINISTRATION.ADMIN_NR, ADMINISTRATION.PRES_NAME, ADMINISTRATION.YEAR_INAUGURATED) VALUES (23, 'Hayes R B', 1877);
INSERT INTO ADMINISTRATION (ADMINISTRATION.ADMIN_NR, ADMINISTRATION.PRES_NAME, ADMINISTRATION.YEAR_INAUGURATED) VALUES (24, 'Garfield J A', 1881);
INSERT INTO ADMINISTRATION (ADMINISTRATION.ADMIN_NR, ADMINISTRATION.PRES_NAME, ADMINISTRATION.YEAR_INAUGURATED) VALUES (24, 'Arthur C A', 1881);
INSERT INTO ADMINISTRATION (ADMINISTRATION.ADMIN_NR, ADMINISTRATION.PRES_NAME, ADMINISTRATION.YEAR_INAUGURATED) VALUES (25, 'Cleveland G', 1885);
INSERT INTO ADMINISTRATION (ADMINISTRATION.ADMIN_NR, ADMINISTRATION.PRES_NAME, ADMINISTRATION.YEAR_INAUGURATED) VALUES (26, 'Harrison B', 1889);
INSERT INTO ADMINISTRATION (ADMINISTRATION.ADMIN_NR, ADMINISTRATION.PRES_NAME, ADMINISTRATION.YEAR_INAUGURATED) VALUES (27, 'Cleveland G', 1893);
INSERT INTO ADMINISTRATION (ADMINISTRATION.ADMIN_NR, ADMINISTRATION.PRES_NAME, ADMINISTRATION.YEAR_INAUGURATED) VALUES (28, 'McKinley W', 1897);
INSERT INTO ADMINISTRATION (ADMINISTRATION.ADMIN_NR, ADMINISTRATION.PRES_NAME, ADMINISTRATION.YEAR_INAUGURATED) VALUES (29, 'McKinley W', 1901);
INSERT INTO ADMINISTRATION (ADMINISTRATION.ADMIN_NR, ADMINISTRATION.PRES_NAME, ADMINISTRATION.YEAR_INAUGURATED) VALUES (29, 'Roosevelt T', 1901);
INSERT INTO ADMINISTRATION (ADMINISTRATION.ADMIN_NR, ADMINISTRATION.PRES_NAME, ADMINISTRATION.YEAR_INAUGURATED) VALUES (30, 'Roosevelt T', 1905);
INSERT INTO ADMINISTRATION (ADMINISTRATION.ADMIN_NR, ADMINISTRATION.PRES_NAME, ADMINISTRATION.YEAR_INAUGURATED) VALUES (31, 'Taft W H', 1909);
INSERT INTO ADMINISTRATION (ADMINISTRATION.ADMIN_NR, ADMINISTRATION.PRES_NAME, ADMINISTRATION.YEAR_INAUGURATED) VALUES (32, 'Wilson W', 1913);
INSERT INTO ADMINISTRATION (ADMINISTRATION.ADMIN_NR, ADMINISTRATION.PRES_NAME, ADMINISTRATION.YEAR_INAUGURATED) VALUES (33, 'Wilson W', 1917);
INSERT INTO ADMINISTRATION (ADMINISTRATION.ADMIN_NR, ADMINISTRATION.PRES_NAME, ADMINISTRATION.YEAR_INAUGURATED) VALUES (34, 'Harding W G', 1921);
INSERT INTO ADMINISTRATION (ADMINISTRATION.ADMIN_NR, ADMINISTRATION.PRES_NAME, ADMINISTRATION.YEAR_INAUGURATED) VALUES (34, 'Coolidge C', 1923);
INSERT INTO ADMINISTRATION (ADMINISTRATION.ADMIN_NR, ADMINISTRATION.PRES_NAME, ADMINISTRATION.YEAR_INAUGURATED) VALUES (35, 'Coolidge C', 1925);
INSERT INTO ADMINISTRATION (ADMINISTRATION.ADMIN_NR, ADMINISTRATION.PRES_NAME, ADMINISTRATION.YEAR_INAUGURATED) VALUES (36, 'Hoover H', 1929);
INSERT INTO ADMINISTRATION (ADMINISTRATION.ADMIN_NR, ADMINISTRATION.PRES_NAME, ADMINISTRATION.YEAR_INAUGURATED) VALUES (37, 'Roosevelt F D', 1933);
INSERT INTO ADMINISTRATION (ADMINISTRATION.ADMIN_NR, ADMINISTRATION.PRES_NAME, ADMINISTRATION.YEAR_INAUGURATED) VALUES (38, 'Roosevelt F D', 1937);
INSERT INTO ADMINISTRATION (ADMINISTRATION.ADMIN_NR, ADMINISTRATION.PRES_NAME, ADMINISTRATION.YEAR_INAUGURATED) VALUES (39, 'Roosevelt F D', 1941);
INSERT INTO ADMINISTRATION (ADMINISTRATION.ADMIN_NR, ADMINISTRATION.PRES_NAME, ADMINISTRATION.YEAR_INAUGURATED) VALUES (40, 'Roosevelt F D', 1945);
INSERT INTO ADMINISTRATION (ADMINISTRATION.ADMIN_NR, ADMINISTRATION.PRES_NAME, ADMINISTRATION.YEAR_INAUGURATED) VALUES (40, 'Truman H S', 1945);
INSERT INTO ADMINISTRATION (ADMINISTRATION.ADMIN_NR, ADMINISTRATION.PRES_NAME, ADMINISTRATION.YEAR_INAUGURATED) VALUES (41, 'Truman H S', 1949);
INSERT INTO ADMINISTRATION (ADMINISTRATION.ADMIN_NR, ADMINISTRATION.PRES_NAME, ADMINISTRATION.YEAR_INAUGURATED) VALUES (42, 'Eisenhower D D', 1953);
INSERT INTO ADMINISTRATION (ADMINISTRATION.ADMIN_NR, ADMINISTRATION.PRES_NAME, ADMINISTRATION.YEAR_INAUGURATED) VALUES (43, 'Eisenhower D D', 1957);
INSERT INTO ADMINISTRATION (ADMINISTRATION.ADMIN_NR, ADMINISTRATION.PRES_NAME, ADMINISTRATION.YEAR_INAUGURATED) VALUES (44, 'Kennedy J F', 1961);
INSERT INTO ADMINISTRATION (ADMINISTRATION.ADMIN_NR, ADMINISTRATION.PRES_NAME, ADMINISTRATION.YEAR_INAUGURATED) VALUES (44, 'Johnson L B', 1963);
INSERT INTO ADMINISTRATION (ADMINISTRATION.ADMIN_NR, ADMINISTRATION.PRES_NAME, ADMINISTRATION.YEAR_INAUGURATED) VALUES (45, 'Johnson L B', 1965);
INSERT INTO ADMINISTRATION (ADMINISTRATION.ADMIN_NR, ADMINISTRATION.PRES_NAME, ADMINISTRATION.YEAR_INAUGURATED) VALUES (46, 'Nixon R M', 1969);
INSERT INTO ADMINISTRATION (ADMINISTRATION.ADMIN_NR, ADMINISTRATION.PRES_NAME, ADMINISTRATION.YEAR_INAUGURATED) VALUES (47, 'Nixon R M', 1973);
INSERT INTO ADMINISTRATION (ADMINISTRATION.ADMIN_NR, ADMINISTRATION.PRES_NAME, ADMINISTRATION.YEAR_INAUGURATED) VALUES (47, 'Ford G R', 1974);
INSERT INTO ADMINISTRATION (ADMINISTRATION.ADMIN_NR, ADMINISTRATION.PRES_NAME, ADMINISTRATION.YEAR_INAUGURATED) VALUES (48, 'Carter J E', 1977);
INSERT INTO ADMINISTRATION (ADMINISTRATION.ADMIN_NR, ADMINISTRATION.PRES_NAME, ADMINISTRATION.YEAR_INAUGURATED) VALUES (49, 'Reagan R W', 1981);
INSERT INTO ADMINISTRATION (ADMINISTRATION.ADMIN_NR, ADMINISTRATION.PRES_NAME, ADMINISTRATION.YEAR_INAUGURATED) VALUES (50, 'Reagan R W', 1985);
INSERT INTO ADMINISTRATION (ADMINISTRATION.ADMIN_NR, ADMINISTRATION.PRES_NAME, ADMINISTRATION.YEAR_INAUGURATED) VALUES (51, 'Bush G H W', 1989);
INSERT INTO ADMINISTRATION (ADMINISTRATION.ADMIN_NR, ADMINISTRATION.PRES_NAME, ADMINISTRATION.YEAR_INAUGURATED) VALUES (52, 'Clinton W J', 1993);
INSERT INTO ADMINISTRATION (ADMINISTRATION.ADMIN_NR, ADMINISTRATION.PRES_NAME, ADMINISTRATION.YEAR_INAUGURATED) VALUES (53, 'Clinton W J', 1997);
INSERT INTO ADMINISTRATION (ADMINISTRATION.ADMIN_NR, ADMINISTRATION.PRES_NAME, ADMINISTRATION.YEAR_INAUGURATED) VALUES (54, 'Bush G W', 2001);
INSERT INTO ADMINISTRATION (ADMINISTRATION.ADMIN_NR, ADMINISTRATION.PRES_NAME, ADMINISTRATION.YEAR_INAUGURATED) VALUES (55, 'Bush G W', 2005);
INSERT INTO ADMINISTRATION (ADMINISTRATION.ADMIN_NR, ADMINISTRATION.PRES_NAME, ADMINISTRATION.YEAR_INAUGURATED) VALUES (56, 'Obama B H', 2009);
INSERT INTO ADMINISTRATION (ADMINISTRATION.ADMIN_NR, ADMINISTRATION.PRES_NAME, ADMINISTRATION.YEAR_INAUGURATED) VALUES (57, 'Obama B H', 2013);
INSERT INTO ADMINISTRATION (ADMINISTRATION.ADMIN_NR, ADMINISTRATION.PRES_NAME, ADMINISTRATION.YEAR_INAUGURATED) VALUES (58, 'Trump D J', 2017);
INSERT INTO ADMINISTRATION (ADMINISTRATION.ADMIN_NR, ADMINISTRATION.PRES_NAME, ADMINISTRATION.YEAR_INAUGURATED) VALUES (59, 'Biden J', 2021);

INSERT INTO ADMIN_PR_VP (ADMIN_PR_VP.ADMIN_NR, ADMIN_PR_VP.PRES_NAME, ADMIN_PR_VP.VICE_PRES_NAME) VALUES (1, 'Washington G', 'Adams J');
INSERT INTO ADMIN_PR_VP (ADMIN_PR_VP.ADMIN_NR, ADMIN_PR_VP.PRES_NAME, ADMIN_PR_VP.VICE_PRES_NAME) VALUES (2, 'Washington G', 'Adams J');
INSERT INTO ADMIN_PR_VP (ADMIN_PR_VP.ADMIN_NR, ADMIN_PR_VP.PRES_NAME, ADMIN_PR_VP.VICE_PRES_NAME) VALUES (3, 'Adams J', 'Jefferson T');
INSERT INTO ADMIN_PR_VP (ADMIN_PR_VP.ADMIN_NR, ADMIN_PR_VP.PRES_NAME, ADMIN_PR_VP.VICE_PRES_NAME) VALUES (4, 'Jefferson T', 'Burr A');
INSERT INTO ADMIN_PR_VP (ADMIN_PR_VP.ADMIN_NR, ADMIN_PR_VP.PRES_NAME, ADMIN_PR_VP.VICE_PRES_NAME) VALUES (5, 'Jefferson T', 'Clinton G');
INSERT INTO ADMIN_PR_VP (ADMIN_PR_VP.ADMIN_NR, ADMIN_PR_VP.PRES_NAME, ADMIN_PR_VP.VICE_PRES_NAME) VALUES (6, 'Madison J', 'Clinton G');
INSERT INTO ADMIN_PR_VP (ADMIN_PR_VP.ADMIN_NR, ADMIN_PR_VP.PRES_NAME, ADMIN_PR_VP.VICE_PRES_NAME) VALUES (7, 'Madison J', 'Gerry E');
INSERT INTO ADMIN_PR_VP (ADMIN_PR_VP.ADMIN_NR, ADMIN_PR_VP.PRES_NAME, ADMIN_PR_VP.VICE_PRES_NAME) VALUES (8, 'Monroe J', 'Tompkins D');
INSERT INTO ADMIN_PR_VP (ADMIN_PR_VP.ADMIN_NR, ADMIN_PR_VP.PRES_NAME, ADMIN_PR_VP.VICE_PRES_NAME) VALUES (9, 'Monroe J', 'Tompkins D');
INSERT INTO ADMIN_PR_VP (ADMIN_PR_VP.ADMIN_NR, ADMIN_PR_VP.PRES_NAME, ADMIN_PR_VP.VICE_PRES_NAME) VALUES (10, 'Adams J Q', 'Calhoun J');
INSERT INTO ADMIN_PR_VP (ADMIN_PR_VP.ADMIN_NR, ADMIN_PR_VP.PRES_NAME, ADMIN_PR_VP.VICE_PRES_NAME) VALUES (11, 'Jackson A', 'Calhoun J');
INSERT INTO ADMIN_PR_VP (ADMIN_PR_VP.ADMIN_NR, ADMIN_PR_VP.PRES_NAME, ADMIN_PR_VP.VICE_PRES_NAME) VALUES (12, 'Jackson A', 'Van Buren M');
INSERT INTO ADMIN_PR_VP (ADMIN_PR_VP.ADMIN_NR, ADMIN_PR_VP.PRES_NAME, ADMIN_PR_VP.VICE_PRES_NAME) VALUES (13, 'Van Buren M', 'Johnson R M');
INSERT INTO ADMIN_PR_VP (ADMIN_PR_VP.ADMIN_NR, ADMIN_PR_VP.PRES_NAME, ADMIN_PR_VP.VICE_PRES_NAME) VALUES (14, 'Harrison W H', 'Tyler J');
INSERT INTO ADMIN_PR_VP (ADMIN_PR_VP.ADMIN_NR, ADMIN_PR_VP.PRES_NAME, ADMIN_PR_VP.VICE_PRES_NAME) VALUES (15, 'Polk J K', 'Dallas G M');
INSERT INTO ADMIN_PR_VP (ADMIN_PR_VP.ADMIN_NR, ADMIN_PR_VP.PRES_NAME, ADMIN_PR_VP.VICE_PRES_NAME) VALUES (16, 'Taylor Z', 'Fillmore M');
INSERT INTO ADMIN_PR_VP (ADMIN_PR_VP.ADMIN_NR, ADMIN_PR_VP.PRES_NAME, ADMIN_PR_VP.VICE_PRES_NAME) VALUES (17, 'Pierce F', 'De Vane King W R');
INSERT INTO ADMIN_PR_VP (ADMIN_PR_VP.ADMIN_NR, ADMIN_PR_VP.PRES_NAME, ADMIN_PR_VP.VICE_PRES_NAME) VALUES (18, 'Buchanan J', 'Breckinridge J C');
INSERT INTO ADMIN_PR_VP (ADMIN_PR_VP.ADMIN_NR, ADMIN_PR_VP.PRES_NAME, ADMIN_PR_VP.VICE_PRES_NAME) VALUES (19, 'Lincoln A', 'Hamlin H');
INSERT INTO ADMIN_PR_VP (ADMIN_PR_VP.ADMIN_NR, ADMIN_PR_VP.PRES_NAME, ADMIN_PR_VP.VICE_PRES_NAME) VALUES (20, 'Lincoln A', 'Johnson A');
INSERT INTO ADMIN_PR_VP (ADMIN_PR_VP.ADMIN_NR, ADMIN_PR_VP.PRES_NAME, ADMIN_PR_VP.VICE_PRES_NAME) VALUES (21, 'Grant U S', 'Colfax S');
INSERT INTO ADMIN_PR_VP (ADMIN_PR_VP.ADMIN_NR, ADMIN_PR_VP.PRES_NAME, ADMIN_PR_VP.VICE_PRES_NAME) VALUES (22, 'Grant U S', 'Wilson H');
INSERT INTO ADMIN_PR_VP (ADMIN_PR_VP.ADMIN_NR, ADMIN_PR_VP.PRES_NAME, ADMIN_PR_VP.VICE_PRES_NAME) VALUES (23, 'Hayes R B', 'Wheeler W');
INSERT INTO ADMIN_PR_VP (ADMIN_PR_VP.ADMIN_NR, ADMIN_PR_VP.PRES_NAME, ADMIN_PR_VP.VICE_PRES_NAME) VALUES (24, 'Garfield J A', 'Arthur C A');
INSERT INTO ADMIN_PR_VP (ADMIN_PR_VP.ADMIN_NR, ADMIN_PR_VP.PRES_NAME, ADMIN_PR_VP.VICE_PRES_NAME) VALUES (25, 'Cleveland G', 'Hendricks T A');
INSERT INTO ADMIN_PR_VP (ADMIN_PR_VP.ADMIN_NR, ADMIN_PR_VP.PRES_NAME, ADMIN_PR_VP.VICE_PRES_NAME) VALUES (26, 'Harrison B', 'Morton L P');
INSERT INTO ADMIN_PR_VP (ADMIN_PR_VP.ADMIN_NR, ADMIN_PR_VP.PRES_NAME, ADMIN_PR_VP.VICE_PRES_NAME) VALUES (27, 'Cleveland G', 'Stevenson A E');
INSERT INTO ADMIN_PR_VP (ADMIN_PR_VP.ADMIN_NR, ADMIN_PR_VP.PRES_NAME, ADMIN_PR_VP.VICE_PRES_NAME) VALUES (28, 'McKinley W', 'Hobart G A');
INSERT INTO ADMIN_PR_VP (ADMIN_PR_VP.ADMIN_NR, ADMIN_PR_VP.PRES_NAME, ADMIN_PR_VP.VICE_PRES_NAME) VALUES (29, 'McKinley W', 'Roosevelt T');
INSERT INTO ADMIN_PR_VP (ADMIN_PR_VP.ADMIN_NR, ADMIN_PR_VP.PRES_NAME, ADMIN_PR_VP.VICE_PRES_NAME) VALUES (30, 'Roosevelt T', 'Fairbanks C W');
INSERT INTO ADMIN_PR_VP (ADMIN_PR_VP.ADMIN_NR, ADMIN_PR_VP.PRES_NAME, ADMIN_PR_VP.VICE_PRES_NAME) VALUES (31, 'Taft W H', 'Sherman J S');
INSERT INTO ADMIN_PR_VP (ADMIN_PR_VP.ADMIN_NR, ADMIN_PR_VP.PRES_NAME, ADMIN_PR_VP.VICE_PRES_NAME) VALUES (32, 'Wilson W', 'Marshall T R');
INSERT INTO ADMIN_PR_VP (ADMIN_PR_VP.ADMIN_NR, ADMIN_PR_VP.PRES_NAME, ADMIN_PR_VP.VICE_PRES_NAME) VALUES (33, 'Wilson W', 'Marshall T R');
INSERT INTO ADMIN_PR_VP (ADMIN_PR_VP.ADMIN_NR, ADMIN_PR_VP.PRES_NAME, ADMIN_PR_VP.VICE_PRES_NAME) VALUES (34, 'Harding W G', 'Coolidge C');
INSERT INTO ADMIN_PR_VP (ADMIN_PR_VP.ADMIN_NR, ADMIN_PR_VP.PRES_NAME, ADMIN_PR_VP.VICE_PRES_NAME) VALUES (35, 'Coolidge C', 'Dawes C G');
INSERT INTO ADMIN_PR_VP (ADMIN_PR_VP.ADMIN_NR, ADMIN_PR_VP.PRES_NAME, ADMIN_PR_VP.VICE_PRES_NAME) VALUES (36, 'Hoover H', 'Curtis C');
INSERT INTO ADMIN_PR_VP (ADMIN_PR_VP.ADMIN_NR, ADMIN_PR_VP.PRES_NAME, ADMIN_PR_VP.VICE_PRES_NAME) VALUES (37, 'Roosevelt F D', 'Garner J N');
INSERT INTO ADMIN_PR_VP (ADMIN_PR_VP.ADMIN_NR, ADMIN_PR_VP.PRES_NAME, ADMIN_PR_VP.VICE_PRES_NAME) VALUES (38, 'Roosevelt F D', 'Garner J N');
INSERT INTO ADMIN_PR_VP (ADMIN_PR_VP.ADMIN_NR, ADMIN_PR_VP.PRES_NAME, ADMIN_PR_VP.VICE_PRES_NAME) VALUES (39, 'Roosevelt F D', 'Wallace H A');
INSERT INTO ADMIN_PR_VP (ADMIN_PR_VP.ADMIN_NR, ADMIN_PR_VP.PRES_NAME, ADMIN_PR_VP.VICE_PRES_NAME) VALUES (40, 'Roosevelt F D', 'Truman H S');
INSERT INTO ADMIN_PR_VP (ADMIN_PR_VP.ADMIN_NR, ADMIN_PR_VP.PRES_NAME, ADMIN_PR_VP.VICE_PRES_NAME) VALUES (41, 'Truman H S', 'Barkley A W');
INSERT INTO ADMIN_PR_VP (ADMIN_PR_VP.ADMIN_NR, ADMIN_PR_VP.PRES_NAME, ADMIN_PR_VP.VICE_PRES_NAME) VALUES (42, 'Eisenhower D D', 'Nixon R M');
INSERT INTO ADMIN_PR_VP (ADMIN_PR_VP.ADMIN_NR, ADMIN_PR_VP.PRES_NAME, ADMIN_PR_VP.VICE_PRES_NAME) VALUES (43, 'Eisenhower D D', 'Nixon R M');
INSERT INTO ADMIN_PR_VP (ADMIN_PR_VP.ADMIN_NR, ADMIN_PR_VP.PRES_NAME, ADMIN_PR_VP.VICE_PRES_NAME) VALUES (44, 'Kennedy J F', 'Johnson L B');
INSERT INTO ADMIN_PR_VP (ADMIN_PR_VP.ADMIN_NR, ADMIN_PR_VP.PRES_NAME, ADMIN_PR_VP.VICE_PRES_NAME) VALUES (45, 'Johnson L B', 'Humphrey H H');
INSERT INTO ADMIN_PR_VP (ADMIN_PR_VP.ADMIN_NR, ADMIN_PR_VP.PRES_NAME, ADMIN_PR_VP.VICE_PRES_NAME) VALUES (46, 'Nixon R M', 'Agnew S T');
INSERT INTO ADMIN_PR_VP (ADMIN_PR_VP.ADMIN_NR, ADMIN_PR_VP.PRES_NAME, ADMIN_PR_VP.VICE_PRES_NAME) VALUES (47, 'Ford G R', 'Rockefeller N A');
INSERT INTO ADMIN_PR_VP (ADMIN_PR_VP.ADMIN_NR, ADMIN_PR_VP.PRES_NAME, ADMIN_PR_VP.VICE_PRES_NAME) VALUES (47, 'Nixon R M', 'Agnew S T');
INSERT INTO ADMIN_PR_VP (ADMIN_PR_VP.ADMIN_NR, ADMIN_PR_VP.PRES_NAME, ADMIN_PR_VP.VICE_PRES_NAME) VALUES (47, 'Nixon R M', 'Ford G R');
INSERT INTO ADMIN_PR_VP (ADMIN_PR_VP.ADMIN_NR, ADMIN_PR_VP.PRES_NAME, ADMIN_PR_VP.VICE_PRES_NAME) VALUES (48, 'Carter J E', 'Mondale W F');
INSERT INTO ADMIN_PR_VP (ADMIN_PR_VP.ADMIN_NR, ADMIN_PR_VP.PRES_NAME, ADMIN_PR_VP.VICE_PRES_NAME) VALUES (49, 'Reagan R W', 'Bush G H W');
INSERT INTO ADMIN_PR_VP (ADMIN_PR_VP.ADMIN_NR, ADMIN_PR_VP.PRES_NAME, ADMIN_PR_VP.VICE_PRES_NAME) VALUES (50, 'Reagan R W', 'Bush G H W');
INSERT INTO ADMIN_PR_VP (ADMIN_PR_VP.ADMIN_NR, ADMIN_PR_VP.PRES_NAME, ADMIN_PR_VP.VICE_PRES_NAME) VALUES (51, 'Bush G H W', 'Quayle D');
INSERT INTO ADMIN_PR_VP (ADMIN_PR_VP.ADMIN_NR, ADMIN_PR_VP.PRES_NAME, ADMIN_PR_VP.VICE_PRES_NAME) VALUES (52, 'Clinton W J', 'Gore A');
INSERT INTO ADMIN_PR_VP (ADMIN_PR_VP.ADMIN_NR, ADMIN_PR_VP.PRES_NAME, ADMIN_PR_VP.VICE_PRES_NAME) VALUES (53, 'Clinton W J', 'Gore A');
INSERT INTO ADMIN_PR_VP (ADMIN_PR_VP.ADMIN_NR, ADMIN_PR_VP.PRES_NAME, ADMIN_PR_VP.VICE_PRES_NAME) VALUES (54, 'Bush G W', 'Cheney D');
INSERT INTO ADMIN_PR_VP (ADMIN_PR_VP.ADMIN_NR, ADMIN_PR_VP.PRES_NAME, ADMIN_PR_VP.VICE_PRES_NAME) VALUES (55, 'Bush G W', 'Cheney D');
INSERT INTO ADMIN_PR_VP (ADMIN_PR_VP.ADMIN_NR, ADMIN_PR_VP.PRES_NAME, ADMIN_PR_VP.VICE_PRES_NAME) VALUES (56, 'Obama B H', 'Biden J');
INSERT INTO ADMIN_PR_VP (ADMIN_PR_VP.ADMIN_NR, ADMIN_PR_VP.PRES_NAME, ADMIN_PR_VP.VICE_PRES_NAME) VALUES (57, 'Obama B H', 'Biden J');
INSERT INTO ADMIN_PR_VP (ADMIN_PR_VP.ADMIN_NR, ADMIN_PR_VP.PRES_NAME, ADMIN_PR_VP.VICE_PRES_NAME) VALUES (58, 'Trump D J', 'Pence M R');
INSERT INTO ADMIN_PR_VP (ADMIN_PR_VP.ADMIN_NR, ADMIN_PR_VP.PRES_NAME, ADMIN_PR_VP.VICE_PRES_NAME) VALUES (59, 'Biden J', 'Harris K');

INSERT INTO PRES_MARRIAGE (PRES_MARRIAGE.PRES_NAME, PRES_MARRIAGE.SPOUSE_NAME, PRES_MARRIAGE.PR_AGE, PRES_MARRIAGE.SP_AGE, PRES_MARRIAGE.NR_CHILDREN, PRES_MARRIAGE.MAR_YEAR) VALUES ('Washington G', 'Custis M D', 26, 27, 0, 1759);
INSERT INTO PRES_MARRIAGE (PRES_MARRIAGE.PRES_NAME, PRES_MARRIAGE.SPOUSE_NAME, PRES_MARRIAGE.PR_AGE, PRES_MARRIAGE.SP_AGE, PRES_MARRIAGE.NR_CHILDREN, PRES_MARRIAGE.MAR_YEAR) VALUES ('Adams J', 'Simth A', 28, 19, 5, 1764);
INSERT INTO PRES_MARRIAGE (PRES_MARRIAGE.PRES_NAME, PRES_MARRIAGE.SPOUSE_NAME, PRES_MARRIAGE.PR_AGE, PRES_MARRIAGE.SP_AGE, PRES_MARRIAGE.NR_CHILDREN, PRES_MARRIAGE.MAR_YEAR) VALUES ('Jefferson T', 'Skelton M W', 28, 23, 6, 1772);
INSERT INTO PRES_MARRIAGE (PRES_MARRIAGE.PRES_NAME, PRES_MARRIAGE.SPOUSE_NAME, PRES_MARRIAGE.PR_AGE, PRES_MARRIAGE.SP_AGE, PRES_MARRIAGE.NR_CHILDREN, PRES_MARRIAGE.MAR_YEAR) VALUES ('Madison J', 'Todd D D P', 43, 26, 0, 1794);
INSERT INTO PRES_MARRIAGE (PRES_MARRIAGE.PRES_NAME, PRES_MARRIAGE.SPOUSE_NAME, PRES_MARRIAGE.PR_AGE, PRES_MARRIAGE.SP_AGE, PRES_MARRIAGE.NR_CHILDREN, PRES_MARRIAGE.MAR_YEAR) VALUES ('Monroe J', 'Kortright E', 27, 17, 3, 1786);
INSERT INTO PRES_MARRIAGE (PRES_MARRIAGE.PRES_NAME, PRES_MARRIAGE.SPOUSE_NAME, PRES_MARRIAGE.PR_AGE, PRES_MARRIAGE.SP_AGE, PRES_MARRIAGE.NR_CHILDREN, PRES_MARRIAGE.MAR_YEAR) VALUES ('Adams J Q', 'Johnson L C', 30, 22, 4, 1797);
INSERT INTO PRES_MARRIAGE (PRES_MARRIAGE.PRES_NAME, PRES_MARRIAGE.SPOUSE_NAME, PRES_MARRIAGE.PR_AGE, PRES_MARRIAGE.SP_AGE, PRES_MARRIAGE.NR_CHILDREN, PRES_MARRIAGE.MAR_YEAR) VALUES ('Jackson A', 'Robards R D', 26, 26, 0, 1794);
INSERT INTO PRES_MARRIAGE (PRES_MARRIAGE.PRES_NAME, PRES_MARRIAGE.SPOUSE_NAME, PRES_MARRIAGE.PR_AGE, PRES_MARRIAGE.SP_AGE, PRES_MARRIAGE.NR_CHILDREN, PRES_MARRIAGE.MAR_YEAR) VALUES ('Van Buren M', 'Hoes H', 24, 23, 4, 1807);
INSERT INTO PRES_MARRIAGE (PRES_MARRIAGE.PRES_NAME, PRES_MARRIAGE.SPOUSE_NAME, PRES_MARRIAGE.PR_AGE, PRES_MARRIAGE.SP_AGE, PRES_MARRIAGE.NR_CHILDREN, PRES_MARRIAGE.MAR_YEAR) VALUES ('Harrison W H', 'Symmos A T', 22, 20, 10, 1795);
INSERT INTO PRES_MARRIAGE (PRES_MARRIAGE.PRES_NAME, PRES_MARRIAGE.SPOUSE_NAME, PRES_MARRIAGE.PR_AGE, PRES_MARRIAGE.SP_AGE, PRES_MARRIAGE.NR_CHILDREN, PRES_MARRIAGE.MAR_YEAR) VALUES ('Tyler J', 'Christian L', 23, 22, 8, 1813);
INSERT INTO PRES_MARRIAGE (PRES_MARRIAGE.PRES_NAME, PRES_MARRIAGE.SPOUSE_NAME, PRES_MARRIAGE.PR_AGE, PRES_MARRIAGE.SP_AGE, PRES_MARRIAGE.NR_CHILDREN, PRES_MARRIAGE.MAR_YEAR) VALUES ('Tyler J', 'Gardiner J', 54, 24, 7, 1844);
INSERT INTO PRES_MARRIAGE (PRES_MARRIAGE.PRES_NAME, PRES_MARRIAGE.SPOUSE_NAME, PRES_MARRIAGE.PR_AGE, PRES_MARRIAGE.SP_AGE, PRES_MARRIAGE.NR_CHILDREN, PRES_MARRIAGE.MAR_YEAR) VALUES ('Polk J K', 'Chidross S', 28, 20, 0, 1824);
INSERT INTO PRES_MARRIAGE (PRES_MARRIAGE.PRES_NAME, PRES_MARRIAGE.SPOUSE_NAME, PRES_MARRIAGE.PR_AGE, PRES_MARRIAGE.SP_AGE, PRES_MARRIAGE.NR_CHILDREN, PRES_MARRIAGE.MAR_YEAR) VALUES ('Taylor Z', 'Smith M M', 25, 21, 6, 1810);
INSERT INTO PRES_MARRIAGE (PRES_MARRIAGE.PRES_NAME, PRES_MARRIAGE.SPOUSE_NAME, PRES_MARRIAGE.PR_AGE, PRES_MARRIAGE.SP_AGE, PRES_MARRIAGE.NR_CHILDREN, PRES_MARRIAGE.MAR_YEAR) VALUES ('Fillmore M', 'Powers A', 26, 27, 2, 1826);
INSERT INTO PRES_MARRIAGE (PRES_MARRIAGE.PRES_NAME, PRES_MARRIAGE.SPOUSE_NAME, PRES_MARRIAGE.PR_AGE, PRES_MARRIAGE.SP_AGE, PRES_MARRIAGE.NR_CHILDREN, PRES_MARRIAGE.MAR_YEAR) VALUES ('Fillmore M', 'McIntosh C C', 58, 44, 0, 1858);
INSERT INTO PRES_MARRIAGE (PRES_MARRIAGE.PRES_NAME, PRES_MARRIAGE.SPOUSE_NAME, PRES_MARRIAGE.PR_AGE, PRES_MARRIAGE.SP_AGE, PRES_MARRIAGE.NR_CHILDREN, PRES_MARRIAGE.MAR_YEAR) VALUES ('Pierce F', 'Appleton J M', 29, 28, 3, 1834);
INSERT INTO PRES_MARRIAGE (PRES_MARRIAGE.PRES_NAME, PRES_MARRIAGE.SPOUSE_NAME, PRES_MARRIAGE.PR_AGE, PRES_MARRIAGE.SP_AGE, PRES_MARRIAGE.NR_CHILDREN, PRES_MARRIAGE.MAR_YEAR) VALUES ('Lincoln A', 'Todd M', 33, 23, 4, 1842);
INSERT INTO PRES_MARRIAGE (PRES_MARRIAGE.PRES_NAME, PRES_MARRIAGE.SPOUSE_NAME, PRES_MARRIAGE.PR_AGE, PRES_MARRIAGE.SP_AGE, PRES_MARRIAGE.NR_CHILDREN, PRES_MARRIAGE.MAR_YEAR) VALUES ('Johnson A', 'McCardle E', 18, 16, 5, 1827);
INSERT INTO PRES_MARRIAGE (PRES_MARRIAGE.PRES_NAME, PRES_MARRIAGE.SPOUSE_NAME, PRES_MARRIAGE.PR_AGE, PRES_MARRIAGE.SP_AGE, PRES_MARRIAGE.NR_CHILDREN, PRES_MARRIAGE.MAR_YEAR) VALUES ('Grant U S', 'Dent J B', 26, 22, 4, 1848);
INSERT INTO PRES_MARRIAGE (PRES_MARRIAGE.PRES_NAME, PRES_MARRIAGE.SPOUSE_NAME, PRES_MARRIAGE.PR_AGE, PRES_MARRIAGE.SP_AGE, PRES_MARRIAGE.NR_CHILDREN, PRES_MARRIAGE.MAR_YEAR) VALUES ('Hayes R B', 'Webb L W', 30, 21, 8, 1852);
INSERT INTO PRES_MARRIAGE (PRES_MARRIAGE.PRES_NAME, PRES_MARRIAGE.SPOUSE_NAME, PRES_MARRIAGE.PR_AGE, PRES_MARRIAGE.SP_AGE, PRES_MARRIAGE.NR_CHILDREN, PRES_MARRIAGE.MAR_YEAR) VALUES ('Garfield J A', 'Rudolph L', 26, 26, 7, 1853);
INSERT INTO PRES_MARRIAGE (PRES_MARRIAGE.PRES_NAME, PRES_MARRIAGE.SPOUSE_NAME, PRES_MARRIAGE.PR_AGE, PRES_MARRIAGE.SP_AGE, PRES_MARRIAGE.NR_CHILDREN, PRES_MARRIAGE.MAR_YEAR) VALUES ('Arthur C A', 'Horndon E L', 29, 22, 3, 1859);
INSERT INTO PRES_MARRIAGE (PRES_MARRIAGE.PRES_NAME, PRES_MARRIAGE.SPOUSE_NAME, PRES_MARRIAGE.PR_AGE, PRES_MARRIAGE.SP_AGE, PRES_MARRIAGE.NR_CHILDREN, PRES_MARRIAGE.MAR_YEAR) VALUES ('Cleveland G', 'Folson F', 49, 21, 5, 1886);
INSERT INTO PRES_MARRIAGE (PRES_MARRIAGE.PRES_NAME, PRES_MARRIAGE.SPOUSE_NAME, PRES_MARRIAGE.PR_AGE, PRES_MARRIAGE.SP_AGE, PRES_MARRIAGE.NR_CHILDREN, PRES_MARRIAGE.MAR_YEAR) VALUES ('Harrison B', 'Scott C L', 20, 21, 2, 1853);
INSERT INTO PRES_MARRIAGE (PRES_MARRIAGE.PRES_NAME, PRES_MARRIAGE.SPOUSE_NAME, PRES_MARRIAGE.PR_AGE, PRES_MARRIAGE.SP_AGE, PRES_MARRIAGE.NR_CHILDREN, PRES_MARRIAGE.MAR_YEAR) VALUES ('Harrison B', 'Dimmick M S L', 62, 37, 1, 1896);
INSERT INTO PRES_MARRIAGE (PRES_MARRIAGE.PRES_NAME, PRES_MARRIAGE.SPOUSE_NAME, PRES_MARRIAGE.PR_AGE, PRES_MARRIAGE.SP_AGE, PRES_MARRIAGE.NR_CHILDREN, PRES_MARRIAGE.MAR_YEAR) VALUES ('McKinley W', 'Saxton I', 27, 23, 2, 1871);
INSERT INTO PRES_MARRIAGE (PRES_MARRIAGE.PRES_NAME, PRES_MARRIAGE.SPOUSE_NAME, PRES_MARRIAGE.PR_AGE, PRES_MARRIAGE.SP_AGE, PRES_MARRIAGE.NR_CHILDREN, PRES_MARRIAGE.MAR_YEAR) VALUES ('Roosevelt T', 'Lee A H', 22, 19, 1, 1880);
INSERT INTO PRES_MARRIAGE (PRES_MARRIAGE.PRES_NAME, PRES_MARRIAGE.SPOUSE_NAME, PRES_MARRIAGE.PR_AGE, PRES_MARRIAGE.SP_AGE, PRES_MARRIAGE.NR_CHILDREN, PRES_MARRIAGE.MAR_YEAR) VALUES ('Roosevelt T', 'Carow E K', 28, 25, 5, 1886);
INSERT INTO PRES_MARRIAGE (PRES_MARRIAGE.PRES_NAME, PRES_MARRIAGE.SPOUSE_NAME, PRES_MARRIAGE.PR_AGE, PRES_MARRIAGE.SP_AGE, PRES_MARRIAGE.NR_CHILDREN, PRES_MARRIAGE.MAR_YEAR) VALUES ('Taft W H', 'Horron H', 28, 25, 3, 1886);
INSERT INTO PRES_MARRIAGE (PRES_MARRIAGE.PRES_NAME, PRES_MARRIAGE.SPOUSE_NAME, PRES_MARRIAGE.PR_AGE, PRES_MARRIAGE.SP_AGE, PRES_MARRIAGE.NR_CHILDREN, PRES_MARRIAGE.MAR_YEAR) VALUES ('Wilson W', 'Axson E L', 28, 25, 3, 1885);
INSERT INTO PRES_MARRIAGE (PRES_MARRIAGE.PRES_NAME, PRES_MARRIAGE.SPOUSE_NAME, PRES_MARRIAGE.PR_AGE, PRES_MARRIAGE.SP_AGE, PRES_MARRIAGE.NR_CHILDREN, PRES_MARRIAGE.MAR_YEAR) VALUES ('Wilson W', 'Galt E B', 58, 43, 0, 1915);
INSERT INTO PRES_MARRIAGE (PRES_MARRIAGE.PRES_NAME, PRES_MARRIAGE.SPOUSE_NAME, PRES_MARRIAGE.PR_AGE, PRES_MARRIAGE.SP_AGE, PRES_MARRIAGE.NR_CHILDREN, PRES_MARRIAGE.MAR_YEAR) VALUES ('Harding W G', 'DeWolfe F K', 25, 30, 0, 1891);
INSERT INTO PRES_MARRIAGE (PRES_MARRIAGE.PRES_NAME, PRES_MARRIAGE.SPOUSE_NAME, PRES_MARRIAGE.PR_AGE, PRES_MARRIAGE.SP_AGE, PRES_MARRIAGE.NR_CHILDREN, PRES_MARRIAGE.MAR_YEAR) VALUES ('Coolidge C', 'Goodhue G A', 33, 26, 2, 1905);
INSERT INTO PRES_MARRIAGE (PRES_MARRIAGE.PRES_NAME, PRES_MARRIAGE.SPOUSE_NAME, PRES_MARRIAGE.PR_AGE, PRES_MARRIAGE.SP_AGE, PRES_MARRIAGE.NR_CHILDREN, PRES_MARRIAGE.MAR_YEAR) VALUES ('Hoover H', 'Henry L', 24, 23, 2, 1899);
INSERT INTO PRES_MARRIAGE (PRES_MARRIAGE.PRES_NAME, PRES_MARRIAGE.SPOUSE_NAME, PRES_MARRIAGE.PR_AGE, PRES_MARRIAGE.SP_AGE, PRES_MARRIAGE.NR_CHILDREN, PRES_MARRIAGE.MAR_YEAR) VALUES ('Roosevelt F D', 'Roosevelt A E', 23, 20, 6, 1905);
INSERT INTO PRES_MARRIAGE (PRES_MARRIAGE.PRES_NAME, PRES_MARRIAGE.SPOUSE_NAME, PRES_MARRIAGE.PR_AGE, PRES_MARRIAGE.SP_AGE, PRES_MARRIAGE.NR_CHILDREN, PRES_MARRIAGE.MAR_YEAR) VALUES ('Truman H S', 'Wallace E V', 35, 34, 1, 1918);
INSERT INTO PRES_MARRIAGE (PRES_MARRIAGE.PRES_NAME, PRES_MARRIAGE.SPOUSE_NAME, PRES_MARRIAGE.PR_AGE, PRES_MARRIAGE.SP_AGE, PRES_MARRIAGE.NR_CHILDREN, PRES_MARRIAGE.MAR_YEAR) VALUES ('Eisenhower D D', 'Doud G', 25, 19, 2, 1916);
INSERT INTO PRES_MARRIAGE (PRES_MARRIAGE.PRES_NAME, PRES_MARRIAGE.SPOUSE_NAME, PRES_MARRIAGE.PR_AGE, PRES_MARRIAGE.SP_AGE, PRES_MARRIAGE.NR_CHILDREN, PRES_MARRIAGE.MAR_YEAR) VALUES ('Kennedy J F', 'Bouvier J L', 36, 24, 3, 1953);
INSERT INTO PRES_MARRIAGE (PRES_MARRIAGE.PRES_NAME, PRES_MARRIAGE.SPOUSE_NAME, PRES_MARRIAGE.PR_AGE, PRES_MARRIAGE.SP_AGE, PRES_MARRIAGE.NR_CHILDREN, PRES_MARRIAGE.MAR_YEAR) VALUES ('Johnson L B', 'Taylor C A', 26, 21, 2, 1934);
INSERT INTO PRES_MARRIAGE (PRES_MARRIAGE.PRES_NAME, PRES_MARRIAGE.SPOUSE_NAME, PRES_MARRIAGE.PR_AGE, PRES_MARRIAGE.SP_AGE, PRES_MARRIAGE.NR_CHILDREN, PRES_MARRIAGE.MAR_YEAR) VALUES ('Nixon R M', 'Ryan T C', 27, 28, 2, 1940);
INSERT INTO PRES_MARRIAGE (PRES_MARRIAGE.PRES_NAME, PRES_MARRIAGE.SPOUSE_NAME, PRES_MARRIAGE.PR_AGE, PRES_MARRIAGE.SP_AGE, PRES_MARRIAGE.NR_CHILDREN, PRES_MARRIAGE.MAR_YEAR) VALUES ('Ford G R', 'Warren E B', 35, 30, 4, 1948);
INSERT INTO PRES_MARRIAGE (PRES_MARRIAGE.PRES_NAME, PRES_MARRIAGE.SPOUSE_NAME, PRES_MARRIAGE.PR_AGE, PRES_MARRIAGE.SP_AGE, PRES_MARRIAGE.NR_CHILDREN, PRES_MARRIAGE.MAR_YEAR) VALUES ('Carter J E', 'Smith R', 21, 18, 4, 1946);
INSERT INTO PRES_MARRIAGE (PRES_MARRIAGE.PRES_NAME, PRES_MARRIAGE.SPOUSE_NAME, PRES_MARRIAGE.PR_AGE, PRES_MARRIAGE.SP_AGE, PRES_MARRIAGE.NR_CHILDREN, PRES_MARRIAGE.MAR_YEAR) VALUES ('Reagan R W', 'Wyman J', 28, 25, 2, 1940);
INSERT INTO PRES_MARRIAGE (PRES_MARRIAGE.PRES_NAME, PRES_MARRIAGE.SPOUSE_NAME, PRES_MARRIAGE.PR_AGE, PRES_MARRIAGE.SP_AGE, PRES_MARRIAGE.NR_CHILDREN, PRES_MARRIAGE.MAR_YEAR) VALUES ('Reagan R W', 'Davis N', 41, 28, 2, 1952);
INSERT INTO PRES_MARRIAGE (PRES_MARRIAGE.PRES_NAME, PRES_MARRIAGE.SPOUSE_NAME, PRES_MARRIAGE.PR_AGE, PRES_MARRIAGE.SP_AGE, PRES_MARRIAGE.NR_CHILDREN, PRES_MARRIAGE.MAR_YEAR) VALUES ('Bush G H W', 'Pierce B', 20, 19, 5, 1945);
INSERT INTO PRES_MARRIAGE (PRES_MARRIAGE.PRES_NAME, PRES_MARRIAGE.SPOUSE_NAME, PRES_MARRIAGE.PR_AGE, PRES_MARRIAGE.SP_AGE, PRES_MARRIAGE.NR_CHILDREN, PRES_MARRIAGE.MAR_YEAR) VALUES ('Clinton W J', 'Rodham H D', 29, 28, 1, 1975);
INSERT INTO PRES_MARRIAGE (PRES_MARRIAGE.PRES_NAME, PRES_MARRIAGE.SPOUSE_NAME, PRES_MARRIAGE.PR_AGE, PRES_MARRIAGE.SP_AGE, PRES_MARRIAGE.NR_CHILDREN, PRES_MARRIAGE.MAR_YEAR) VALUES ('Bush G W', 'Welch L', 31, 30, 2, 1977);
INSERT INTO PRES_MARRIAGE (PRES_MARRIAGE.PRES_NAME, PRES_MARRIAGE.SPOUSE_NAME, PRES_MARRIAGE.PR_AGE, PRES_MARRIAGE.SP_AGE, PRES_MARRIAGE.NR_CHILDREN, PRES_MARRIAGE.MAR_YEAR) VALUES ('Obama B H', 'Robinson M L', 31, 28, 2, 1992);
INSERT INTO PRES_MARRIAGE (PRES_MARRIAGE.PRES_NAME, PRES_MARRIAGE.SPOUSE_NAME, PRES_MARRIAGE.PR_AGE, PRES_MARRIAGE.SP_AGE, PRES_MARRIAGE.NR_CHILDREN, PRES_MARRIAGE.MAR_YEAR) VALUES ('Trump D J', 'Zelnickova I M', 31, 28, 3, 1977);
INSERT INTO PRES_MARRIAGE (PRES_MARRIAGE.PRES_NAME, PRES_MARRIAGE.SPOUSE_NAME, PRES_MARRIAGE.PR_AGE, PRES_MARRIAGE.SP_AGE, PRES_MARRIAGE.NR_CHILDREN, PRES_MARRIAGE.MAR_YEAR) VALUES ('Trump D J', 'Maples M A', 47, 23, 1, 1993);
INSERT INTO PRES_MARRIAGE (PRES_MARRIAGE.PRES_NAME, PRES_MARRIAGE.SPOUSE_NAME, PRES_MARRIAGE.PR_AGE, PRES_MARRIAGE.SP_AGE, PRES_MARRIAGE.NR_CHILDREN, PRES_MARRIAGE.MAR_YEAR) VALUES ('Trump D J', 'Knauss M', 59, 35, 1, 2005);
INSERT INTO PRES_MARRIAGE (PRES_MARRIAGE.PRES_NAME, PRES_MARRIAGE.SPOUSE_NAME, PRES_MARRIAGE.PR_AGE, PRES_MARRIAGE.SP_AGE, PRES_MARRIAGE.NR_CHILDREN, PRES_MARRIAGE.MAR_YEAR) VALUES ('Biden J', 'Hunter N', 23, 24, 3, 1966);
INSERT INTO PRES_MARRIAGE (PRES_MARRIAGE.PRES_NAME, PRES_MARRIAGE.SPOUSE_NAME, PRES_MARRIAGE.PR_AGE, PRES_MARRIAGE.SP_AGE, PRES_MARRIAGE.NR_CHILDREN, PRES_MARRIAGE.MAR_YEAR) VALUES ('Biden J', 'Jacobs J T', 34, 26, 1, 1977);

INSERT INTO ELECTION (ELECTION.ELECTION_YEAR, ELECTION.CANDIDATE, ELECTION.VOTES, ELECTION.WINNER_LOSER_INDIC) VALUES (1789, 'Washington G', 69, 'W');
INSERT INTO ELECTION (ELECTION.ELECTION_YEAR, ELECTION.CANDIDATE, ELECTION.VOTES, ELECTION.WINNER_LOSER_INDIC) VALUES (1789, 'Adams J', 34, 'L');
INSERT INTO ELECTION (ELECTION.ELECTION_YEAR, ELECTION.CANDIDATE, ELECTION.VOTES, ELECTION.WINNER_LOSER_INDIC) VALUES (1789, 'Jay J', 9, 'L');
INSERT INTO ELECTION (ELECTION.ELECTION_YEAR, ELECTION.CANDIDATE, ELECTION.VOTES, ELECTION.WINNER_LOSER_INDIC) VALUES (1789, 'Harrison R H', 6, 'L');
INSERT INTO ELECTION (ELECTION.ELECTION_YEAR, ELECTION.CANDIDATE, ELECTION.VOTES, ELECTION.WINNER_LOSER_INDIC) VALUES (1789, 'Rutledge J', 6, 'L');
INSERT INTO ELECTION (ELECTION.ELECTION_YEAR, ELECTION.CANDIDATE, ELECTION.VOTES, ELECTION.WINNER_LOSER_INDIC) VALUES (1789, 'Hancock J', 4, 'L');
INSERT INTO ELECTION (ELECTION.ELECTION_YEAR, ELECTION.CANDIDATE, ELECTION.VOTES, ELECTION.WINNER_LOSER_INDIC) VALUES (1789, 'Clinton G', 3, 'L');
INSERT INTO ELECTION (ELECTION.ELECTION_YEAR, ELECTION.CANDIDATE, ELECTION.VOTES, ELECTION.WINNER_LOSER_INDIC) VALUES (1789, 'Huntington S', 2, 'L');
INSERT INTO ELECTION (ELECTION.ELECTION_YEAR, ELECTION.CANDIDATE, ELECTION.VOTES, ELECTION.WINNER_LOSER_INDIC) VALUES (1789, 'Milton J', 2, 'L');
INSERT INTO ELECTION (ELECTION.ELECTION_YEAR, ELECTION.CANDIDATE, ELECTION.VOTES, ELECTION.WINNER_LOSER_INDIC) VALUES (1789, 'Armstrong J', 1, 'L');
INSERT INTO ELECTION (ELECTION.ELECTION_YEAR, ELECTION.CANDIDATE, ELECTION.VOTES, ELECTION.WINNER_LOSER_INDIC) VALUES (1789, 'Lincoln B', 1, 'L');
INSERT INTO ELECTION (ELECTION.ELECTION_YEAR, ELECTION.CANDIDATE, ELECTION.VOTES, ELECTION.WINNER_LOSER_INDIC) VALUES (1789, 'Telfair E', 1, 'L');
INSERT INTO ELECTION (ELECTION.ELECTION_YEAR, ELECTION.CANDIDATE, ELECTION.VOTES, ELECTION.WINNER_LOSER_INDIC) VALUES (1792, 'Washington G', 132, 'W');
INSERT INTO ELECTION (ELECTION.ELECTION_YEAR, ELECTION.CANDIDATE, ELECTION.VOTES, ELECTION.WINNER_LOSER_INDIC) VALUES (1792, 'Adams J', 77, 'L');
INSERT INTO ELECTION (ELECTION.ELECTION_YEAR, ELECTION.CANDIDATE, ELECTION.VOTES, ELECTION.WINNER_LOSER_INDIC) VALUES (1792, 'Clinton G', 50, 'L');
INSERT INTO ELECTION (ELECTION.ELECTION_YEAR, ELECTION.CANDIDATE, ELECTION.VOTES, ELECTION.WINNER_LOSER_INDIC) VALUES (1792, 'Jefferson T', 4, 'L');
INSERT INTO ELECTION (ELECTION.ELECTION_YEAR, ELECTION.CANDIDATE, ELECTION.VOTES, ELECTION.WINNER_LOSER_INDIC) VALUES (1792, 'Burr A', 1, 'L');
INSERT INTO ELECTION (ELECTION.ELECTION_YEAR, ELECTION.CANDIDATE, ELECTION.VOTES, ELECTION.WINNER_LOSER_INDIC) VALUES (1796, 'Adams J', 71, 'W');
INSERT INTO ELECTION (ELECTION.ELECTION_YEAR, ELECTION.CANDIDATE, ELECTION.VOTES, ELECTION.WINNER_LOSER_INDIC) VALUES (1796, 'Jefferson T', 68, 'L');
INSERT INTO ELECTION (ELECTION.ELECTION_YEAR, ELECTION.CANDIDATE, ELECTION.VOTES, ELECTION.WINNER_LOSER_INDIC) VALUES (1796, 'Pinckney T', 59, 'L');
INSERT INTO ELECTION (ELECTION.ELECTION_YEAR, ELECTION.CANDIDATE, ELECTION.VOTES, ELECTION.WINNER_LOSER_INDIC) VALUES (1796, 'Burr A', 30, 'L');
INSERT INTO ELECTION (ELECTION.ELECTION_YEAR, ELECTION.CANDIDATE, ELECTION.VOTES, ELECTION.WINNER_LOSER_INDIC) VALUES (1796, 'Adams S', 15, 'L');
INSERT INTO ELECTION (ELECTION.ELECTION_YEAR, ELECTION.CANDIDATE, ELECTION.VOTES, ELECTION.WINNER_LOSER_INDIC) VALUES (1796, 'Ellsworth O', 11, 'L');
INSERT INTO ELECTION (ELECTION.ELECTION_YEAR, ELECTION.CANDIDATE, ELECTION.VOTES, ELECTION.WINNER_LOSER_INDIC) VALUES (1796, 'Clinton G', 7, 'L');
INSERT INTO ELECTION (ELECTION.ELECTION_YEAR, ELECTION.CANDIDATE, ELECTION.VOTES, ELECTION.WINNER_LOSER_INDIC) VALUES (1796, 'Jay J', 5, 'L');
INSERT INTO ELECTION (ELECTION.ELECTION_YEAR, ELECTION.CANDIDATE, ELECTION.VOTES, ELECTION.WINNER_LOSER_INDIC) VALUES (1796, 'Iredell J', 3, 'L');
INSERT INTO ELECTION (ELECTION.ELECTION_YEAR, ELECTION.CANDIDATE, ELECTION.VOTES, ELECTION.WINNER_LOSER_INDIC) VALUES (1796, 'Henry J', 2, 'L');
INSERT INTO ELECTION (ELECTION.ELECTION_YEAR, ELECTION.CANDIDATE, ELECTION.VOTES, ELECTION.WINNER_LOSER_INDIC) VALUES (1796, 'Johnson S', 2, 'L');
INSERT INTO ELECTION (ELECTION.ELECTION_YEAR, ELECTION.CANDIDATE, ELECTION.VOTES, ELECTION.WINNER_LOSER_INDIC) VALUES (1796, 'Washington G', 2, 'L');
INSERT INTO ELECTION (ELECTION.ELECTION_YEAR, ELECTION.CANDIDATE, ELECTION.VOTES, ELECTION.WINNER_LOSER_INDIC) VALUES (1796, 'Pinckney C C', 1, 'L');
INSERT INTO ELECTION (ELECTION.ELECTION_YEAR, ELECTION.CANDIDATE, ELECTION.VOTES, ELECTION.WINNER_LOSER_INDIC) VALUES (1800, 'Jefferson T', 73, 'W');
INSERT INTO ELECTION (ELECTION.ELECTION_YEAR, ELECTION.CANDIDATE, ELECTION.VOTES, ELECTION.WINNER_LOSER_INDIC) VALUES (1800, 'Burr A', 73, 'L');
INSERT INTO ELECTION (ELECTION.ELECTION_YEAR, ELECTION.CANDIDATE, ELECTION.VOTES, ELECTION.WINNER_LOSER_INDIC) VALUES (1800, 'Adams J', 65, 'L');
INSERT INTO ELECTION (ELECTION.ELECTION_YEAR, ELECTION.CANDIDATE, ELECTION.VOTES, ELECTION.WINNER_LOSER_INDIC) VALUES (1800, 'Pickney C C', 64, 'L');
INSERT INTO ELECTION (ELECTION.ELECTION_YEAR, ELECTION.CANDIDATE, ELECTION.VOTES, ELECTION.WINNER_LOSER_INDIC) VALUES (1800, 'Jay J', 1, 'L');
INSERT INTO ELECTION (ELECTION.ELECTION_YEAR, ELECTION.CANDIDATE, ELECTION.VOTES, ELECTION.WINNER_LOSER_INDIC) VALUES (1804, 'Jefferson T', 162, 'W');
INSERT INTO ELECTION (ELECTION.ELECTION_YEAR, ELECTION.CANDIDATE, ELECTION.VOTES, ELECTION.WINNER_LOSER_INDIC) VALUES (1804, 'Pinckney C C', 14, 'L');
INSERT INTO ELECTION (ELECTION.ELECTION_YEAR, ELECTION.CANDIDATE, ELECTION.VOTES, ELECTION.WINNER_LOSER_INDIC) VALUES (1808, 'Madison J', 122, 'W');
INSERT INTO ELECTION (ELECTION.ELECTION_YEAR, ELECTION.CANDIDATE, ELECTION.VOTES, ELECTION.WINNER_LOSER_INDIC) VALUES (1808, 'Pinckney C C', 47, 'L');
INSERT INTO ELECTION (ELECTION.ELECTION_YEAR, ELECTION.CANDIDATE, ELECTION.VOTES, ELECTION.WINNER_LOSER_INDIC) VALUES (1808, 'Clinton G', 6, 'L');
INSERT INTO ELECTION (ELECTION.ELECTION_YEAR, ELECTION.CANDIDATE, ELECTION.VOTES, ELECTION.WINNER_LOSER_INDIC) VALUES (1812, 'Madison J', 128, 'W');
INSERT INTO ELECTION (ELECTION.ELECTION_YEAR, ELECTION.CANDIDATE, ELECTION.VOTES, ELECTION.WINNER_LOSER_INDIC) VALUES (1812, 'Clinton D W', 89, 'L');
INSERT INTO ELECTION (ELECTION.ELECTION_YEAR, ELECTION.CANDIDATE, ELECTION.VOTES, ELECTION.WINNER_LOSER_INDIC) VALUES (1816, 'Monroe J', 183, 'W');
INSERT INTO ELECTION (ELECTION.ELECTION_YEAR, ELECTION.CANDIDATE, ELECTION.VOTES, ELECTION.WINNER_LOSER_INDIC) VALUES (1816, 'King R', 34, 'L');
INSERT INTO ELECTION (ELECTION.ELECTION_YEAR, ELECTION.CANDIDATE, ELECTION.VOTES, ELECTION.WINNER_LOSER_INDIC) VALUES (1820, 'Monroe J', 231, 'W');
INSERT INTO ELECTION (ELECTION.ELECTION_YEAR, ELECTION.CANDIDATE, ELECTION.VOTES, ELECTION.WINNER_LOSER_INDIC) VALUES (1820, 'Adams J Q', 1, 'L');
INSERT INTO ELECTION (ELECTION.ELECTION_YEAR, ELECTION.CANDIDATE, ELECTION.VOTES, ELECTION.WINNER_LOSER_INDIC) VALUES (1824, 'Jackson A', 99, 'L');
INSERT INTO ELECTION (ELECTION.ELECTION_YEAR, ELECTION.CANDIDATE, ELECTION.VOTES, ELECTION.WINNER_LOSER_INDIC) VALUES (1824, 'Adams J Q', 84, 'W');
INSERT INTO ELECTION (ELECTION.ELECTION_YEAR, ELECTION.CANDIDATE, ELECTION.VOTES, ELECTION.WINNER_LOSER_INDIC) VALUES (1824, 'Crawford W H', 41, 'L');
INSERT INTO ELECTION (ELECTION.ELECTION_YEAR, ELECTION.CANDIDATE, ELECTION.VOTES, ELECTION.WINNER_LOSER_INDIC) VALUES (1824, 'Clay H', 37, 'L');
INSERT INTO ELECTION (ELECTION.ELECTION_YEAR, ELECTION.CANDIDATE, ELECTION.VOTES, ELECTION.WINNER_LOSER_INDIC) VALUES (1828, 'Jackson A', 178, 'W');
INSERT INTO ELECTION (ELECTION.ELECTION_YEAR, ELECTION.CANDIDATE, ELECTION.VOTES, ELECTION.WINNER_LOSER_INDIC) VALUES (1828, 'Adams J Q', 83, 'L');
INSERT INTO ELECTION (ELECTION.ELECTION_YEAR, ELECTION.CANDIDATE, ELECTION.VOTES, ELECTION.WINNER_LOSER_INDIC) VALUES (1832, 'Jackson A', 219, 'W');
INSERT INTO ELECTION (ELECTION.ELECTION_YEAR, ELECTION.CANDIDATE, ELECTION.VOTES, ELECTION.WINNER_LOSER_INDIC) VALUES (1832, 'Clay H', 49, 'L');
INSERT INTO ELECTION (ELECTION.ELECTION_YEAR, ELECTION.CANDIDATE, ELECTION.VOTES, ELECTION.WINNER_LOSER_INDIC) VALUES (1832, 'Floyd J', 11, 'L');
INSERT INTO ELECTION (ELECTION.ELECTION_YEAR, ELECTION.CANDIDATE, ELECTION.VOTES, ELECTION.WINNER_LOSER_INDIC) VALUES (1832, 'Wirt W', 7, 'L');
INSERT INTO ELECTION (ELECTION.ELECTION_YEAR, ELECTION.CANDIDATE, ELECTION.VOTES, ELECTION.WINNER_LOSER_INDIC) VALUES (1836, 'Van Buren M', 170, 'W');
INSERT INTO ELECTION (ELECTION.ELECTION_YEAR, ELECTION.CANDIDATE, ELECTION.VOTES, ELECTION.WINNER_LOSER_INDIC) VALUES (1836, 'Harrison W H', 73, 'L');
INSERT INTO ELECTION (ELECTION.ELECTION_YEAR, ELECTION.CANDIDATE, ELECTION.VOTES, ELECTION.WINNER_LOSER_INDIC) VALUES (1836, 'White H L', 26, 'L');
INSERT INTO ELECTION (ELECTION.ELECTION_YEAR, ELECTION.CANDIDATE, ELECTION.VOTES, ELECTION.WINNER_LOSER_INDIC) VALUES (1836, 'Webster D', 14, 'L');
INSERT INTO ELECTION (ELECTION.ELECTION_YEAR, ELECTION.CANDIDATE, ELECTION.VOTES, ELECTION.WINNER_LOSER_INDIC) VALUES (1836, 'Mangum', 11, 'L');
INSERT INTO ELECTION (ELECTION.ELECTION_YEAR, ELECTION.CANDIDATE, ELECTION.VOTES, ELECTION.WINNER_LOSER_INDIC) VALUES (1840, 'Harrison W H', 234, 'W');
INSERT INTO ELECTION (ELECTION.ELECTION_YEAR, ELECTION.CANDIDATE, ELECTION.VOTES, ELECTION.WINNER_LOSER_INDIC) VALUES (1840, 'Van Buren M', 60, 'L');
INSERT INTO ELECTION (ELECTION.ELECTION_YEAR, ELECTION.CANDIDATE, ELECTION.VOTES, ELECTION.WINNER_LOSER_INDIC) VALUES (1844, 'Polk J K', 170, 'W');
INSERT INTO ELECTION (ELECTION.ELECTION_YEAR, ELECTION.CANDIDATE, ELECTION.VOTES, ELECTION.WINNER_LOSER_INDIC) VALUES (1844, 'Clay H', 105, 'L');
INSERT INTO ELECTION (ELECTION.ELECTION_YEAR, ELECTION.CANDIDATE, ELECTION.VOTES, ELECTION.WINNER_LOSER_INDIC) VALUES (1848, 'Taylor Z', 163, 'W');
INSERT INTO ELECTION (ELECTION.ELECTION_YEAR, ELECTION.CANDIDATE, ELECTION.VOTES, ELECTION.WINNER_LOSER_INDIC) VALUES (1848, 'Cass L', 127, 'L');
INSERT INTO ELECTION (ELECTION.ELECTION_YEAR, ELECTION.CANDIDATE, ELECTION.VOTES, ELECTION.WINNER_LOSER_INDIC) VALUES (1852, 'Pierce F', 254, 'W');
INSERT INTO ELECTION (ELECTION.ELECTION_YEAR, ELECTION.CANDIDATE, ELECTION.VOTES, ELECTION.WINNER_LOSER_INDIC) VALUES (1852, 'Scott W', 42, 'L');
INSERT INTO ELECTION (ELECTION.ELECTION_YEAR, ELECTION.CANDIDATE, ELECTION.VOTES, ELECTION.WINNER_LOSER_INDIC) VALUES (1856, 'Buchanan J', 174, 'W');
INSERT INTO ELECTION (ELECTION.ELECTION_YEAR, ELECTION.CANDIDATE, ELECTION.VOTES, ELECTION.WINNER_LOSER_INDIC) VALUES (1856, 'Fremont J C', 114, 'L');
INSERT INTO ELECTION (ELECTION.ELECTION_YEAR, ELECTION.CANDIDATE, ELECTION.VOTES, ELECTION.WINNER_LOSER_INDIC) VALUES (1856, 'Fillmore M', 8, 'L');
INSERT INTO ELECTION (ELECTION.ELECTION_YEAR, ELECTION.CANDIDATE, ELECTION.VOTES, ELECTION.WINNER_LOSER_INDIC) VALUES (1860, 'Lincoln A', 180, 'W');
INSERT INTO ELECTION (ELECTION.ELECTION_YEAR, ELECTION.CANDIDATE, ELECTION.VOTES, ELECTION.WINNER_LOSER_INDIC) VALUES (1860, 'Breckinridge J C', 72, 'L');
INSERT INTO ELECTION (ELECTION.ELECTION_YEAR, ELECTION.CANDIDATE, ELECTION.VOTES, ELECTION.WINNER_LOSER_INDIC) VALUES (1860, 'Bell J', 39, 'L');
INSERT INTO ELECTION (ELECTION.ELECTION_YEAR, ELECTION.CANDIDATE, ELECTION.VOTES, ELECTION.WINNER_LOSER_INDIC) VALUES (1860, 'Douglas S A', 12, 'L');
INSERT INTO ELECTION (ELECTION.ELECTION_YEAR, ELECTION.CANDIDATE, ELECTION.VOTES, ELECTION.WINNER_LOSER_INDIC) VALUES (1864, 'Lincoln A', 212, 'W');
INSERT INTO ELECTION (ELECTION.ELECTION_YEAR, ELECTION.CANDIDATE, ELECTION.VOTES, ELECTION.WINNER_LOSER_INDIC) VALUES (1864, 'McClellan G B', 21, 'L');
INSERT INTO ELECTION (ELECTION.ELECTION_YEAR, ELECTION.CANDIDATE, ELECTION.VOTES, ELECTION.WINNER_LOSER_INDIC) VALUES (1868, 'Grant U S', 214, 'W');
INSERT INTO ELECTION (ELECTION.ELECTION_YEAR, ELECTION.CANDIDATE, ELECTION.VOTES, ELECTION.WINNER_LOSER_INDIC) VALUES (1868, 'Seymour H', 80, 'L');
INSERT INTO ELECTION (ELECTION.ELECTION_YEAR, ELECTION.CANDIDATE, ELECTION.VOTES, ELECTION.WINNER_LOSER_INDIC) VALUES (1872, 'Grant U S', 286, 'W');
INSERT INTO ELECTION (ELECTION.ELECTION_YEAR, ELECTION.CANDIDATE, ELECTION.VOTES, ELECTION.WINNER_LOSER_INDIC) VALUES (1872, 'Hendricks T A', 42, 'L');
INSERT INTO ELECTION (ELECTION.ELECTION_YEAR, ELECTION.CANDIDATE, ELECTION.VOTES, ELECTION.WINNER_LOSER_INDIC) VALUES (1872, 'Brown B G', 18, 'L');
INSERT INTO ELECTION (ELECTION.ELECTION_YEAR, ELECTION.CANDIDATE, ELECTION.VOTES, ELECTION.WINNER_LOSER_INDIC) VALUES (1872, 'Jenkins C J', 2, 'L');
INSERT INTO ELECTION (ELECTION.ELECTION_YEAR, ELECTION.CANDIDATE, ELECTION.VOTES, ELECTION.WINNER_LOSER_INDIC) VALUES (1872, 'Davids D', 1, 'L');
INSERT INTO ELECTION (ELECTION.ELECTION_YEAR, ELECTION.CANDIDATE, ELECTION.VOTES, ELECTION.WINNER_LOSER_INDIC) VALUES (1876, 'Hayes R B', 185, 'W');
INSERT INTO ELECTION (ELECTION.ELECTION_YEAR, ELECTION.CANDIDATE, ELECTION.VOTES, ELECTION.WINNER_LOSER_INDIC) VALUES (1876, 'Tilden S J', 184, 'L');
INSERT INTO ELECTION (ELECTION.ELECTION_YEAR, ELECTION.CANDIDATE, ELECTION.VOTES, ELECTION.WINNER_LOSER_INDIC) VALUES (1880, 'Garfield J A', 214, 'W');
INSERT INTO ELECTION (ELECTION.ELECTION_YEAR, ELECTION.CANDIDATE, ELECTION.VOTES, ELECTION.WINNER_LOSER_INDIC) VALUES (1880, 'Hancock W S', 155, 'L');
INSERT INTO ELECTION (ELECTION.ELECTION_YEAR, ELECTION.CANDIDATE, ELECTION.VOTES, ELECTION.WINNER_LOSER_INDIC) VALUES (1884, 'Cleveland G', 219, 'W');
INSERT INTO ELECTION (ELECTION.ELECTION_YEAR, ELECTION.CANDIDATE, ELECTION.VOTES, ELECTION.WINNER_LOSER_INDIC) VALUES (1884, 'Blaine J G', 182, 'L');
INSERT INTO ELECTION (ELECTION.ELECTION_YEAR, ELECTION.CANDIDATE, ELECTION.VOTES, ELECTION.WINNER_LOSER_INDIC) VALUES (1888, 'Harrison B', 233, 'W');
INSERT INTO ELECTION (ELECTION.ELECTION_YEAR, ELECTION.CANDIDATE, ELECTION.VOTES, ELECTION.WINNER_LOSER_INDIC) VALUES (1888, 'Cleveland G', 168, 'L');
INSERT INTO ELECTION (ELECTION.ELECTION_YEAR, ELECTION.CANDIDATE, ELECTION.VOTES, ELECTION.WINNER_LOSER_INDIC) VALUES (1892, 'Cleveland G', 277, 'W');
INSERT INTO ELECTION (ELECTION.ELECTION_YEAR, ELECTION.CANDIDATE, ELECTION.VOTES, ELECTION.WINNER_LOSER_INDIC) VALUES (1892, 'Harrison B', 145, 'L');
INSERT INTO ELECTION (ELECTION.ELECTION_YEAR, ELECTION.CANDIDATE, ELECTION.VOTES, ELECTION.WINNER_LOSER_INDIC) VALUES (1892, 'Weaver J B', 22, 'L');
INSERT INTO ELECTION (ELECTION.ELECTION_YEAR, ELECTION.CANDIDATE, ELECTION.VOTES, ELECTION.WINNER_LOSER_INDIC) VALUES (1896, 'McKinley W', 271, 'W');
INSERT INTO ELECTION (ELECTION.ELECTION_YEAR, ELECTION.CANDIDATE, ELECTION.VOTES, ELECTION.WINNER_LOSER_INDIC) VALUES (1896, 'Bryan W J', 176, 'L');
INSERT INTO ELECTION (ELECTION.ELECTION_YEAR, ELECTION.CANDIDATE, ELECTION.VOTES, ELECTION.WINNER_LOSER_INDIC) VALUES (1900, 'McKinley W', 292, 'W');
INSERT INTO ELECTION (ELECTION.ELECTION_YEAR, ELECTION.CANDIDATE, ELECTION.VOTES, ELECTION.WINNER_LOSER_INDIC) VALUES (1900, 'Bryan W J', 155, 'L');
INSERT INTO ELECTION (ELECTION.ELECTION_YEAR, ELECTION.CANDIDATE, ELECTION.VOTES, ELECTION.WINNER_LOSER_INDIC) VALUES (1904, 'Roosevelt T', 336, 'W');
INSERT INTO ELECTION (ELECTION.ELECTION_YEAR, ELECTION.CANDIDATE, ELECTION.VOTES, ELECTION.WINNER_LOSER_INDIC) VALUES (1904, 'Parker A B', 140, 'L');
INSERT INTO ELECTION (ELECTION.ELECTION_YEAR, ELECTION.CANDIDATE, ELECTION.VOTES, ELECTION.WINNER_LOSER_INDIC) VALUES (1908, 'Taft W H', 321, 'W');
INSERT INTO ELECTION (ELECTION.ELECTION_YEAR, ELECTION.CANDIDATE, ELECTION.VOTES, ELECTION.WINNER_LOSER_INDIC) VALUES (1908, 'Bryan W J', 162, 'L');
INSERT INTO ELECTION (ELECTION.ELECTION_YEAR, ELECTION.CANDIDATE, ELECTION.VOTES, ELECTION.WINNER_LOSER_INDIC) VALUES (1912, 'Wilson W', 435, 'W');
INSERT INTO ELECTION (ELECTION.ELECTION_YEAR, ELECTION.CANDIDATE, ELECTION.VOTES, ELECTION.WINNER_LOSER_INDIC) VALUES (1912, 'Roosevelt T', 88, 'L');
INSERT INTO ELECTION (ELECTION.ELECTION_YEAR, ELECTION.CANDIDATE, ELECTION.VOTES, ELECTION.WINNER_LOSER_INDIC) VALUES (1912, 'Taft W H', 8, 'L');
INSERT INTO ELECTION (ELECTION.ELECTION_YEAR, ELECTION.CANDIDATE, ELECTION.VOTES, ELECTION.WINNER_LOSER_INDIC) VALUES (1916, 'Wilson W', 277, 'W');
INSERT INTO ELECTION (ELECTION.ELECTION_YEAR, ELECTION.CANDIDATE, ELECTION.VOTES, ELECTION.WINNER_LOSER_INDIC) VALUES (1916, 'Hughes C E', 254, 'L');
INSERT INTO ELECTION (ELECTION.ELECTION_YEAR, ELECTION.CANDIDATE, ELECTION.VOTES, ELECTION.WINNER_LOSER_INDIC) VALUES (1920, 'Harding W G', 404, 'W');
INSERT INTO ELECTION (ELECTION.ELECTION_YEAR, ELECTION.CANDIDATE, ELECTION.VOTES, ELECTION.WINNER_LOSER_INDIC) VALUES (1920, 'Cox J A', 127, 'L');
INSERT INTO ELECTION (ELECTION.ELECTION_YEAR, ELECTION.CANDIDATE, ELECTION.VOTES, ELECTION.WINNER_LOSER_INDIC) VALUES (1924, 'Coolidge C', 382, 'W');
INSERT INTO ELECTION (ELECTION.ELECTION_YEAR, ELECTION.CANDIDATE, ELECTION.VOTES, ELECTION.WINNER_LOSER_INDIC) VALUES (1924, 'Davis J W', 136, 'L');
INSERT INTO ELECTION (ELECTION.ELECTION_YEAR, ELECTION.CANDIDATE, ELECTION.VOTES, ELECTION.WINNER_LOSER_INDIC) VALUES (1924, 'La Follette R M', 13, 'L');
INSERT INTO ELECTION (ELECTION.ELECTION_YEAR, ELECTION.CANDIDATE, ELECTION.VOTES, ELECTION.WINNER_LOSER_INDIC) VALUES (1928, 'Hoover H', 444, 'W');
INSERT INTO ELECTION (ELECTION.ELECTION_YEAR, ELECTION.CANDIDATE, ELECTION.VOTES, ELECTION.WINNER_LOSER_INDIC) VALUES (1928, 'Smith A E', 87, 'L');
INSERT INTO ELECTION (ELECTION.ELECTION_YEAR, ELECTION.CANDIDATE, ELECTION.VOTES, ELECTION.WINNER_LOSER_INDIC) VALUES (1932, 'Roosevelt F D', 472, 'W');
INSERT INTO ELECTION (ELECTION.ELECTION_YEAR, ELECTION.CANDIDATE, ELECTION.VOTES, ELECTION.WINNER_LOSER_INDIC) VALUES (1932, 'Hoover H', 59, 'L');
INSERT INTO ELECTION (ELECTION.ELECTION_YEAR, ELECTION.CANDIDATE, ELECTION.VOTES, ELECTION.WINNER_LOSER_INDIC) VALUES (1936, 'Roosevelt F D', 523, 'W');
INSERT INTO ELECTION (ELECTION.ELECTION_YEAR, ELECTION.CANDIDATE, ELECTION.VOTES, ELECTION.WINNER_LOSER_INDIC) VALUES (1936, 'Landon A M', 8, 'L');
INSERT INTO ELECTION (ELECTION.ELECTION_YEAR, ELECTION.CANDIDATE, ELECTION.VOTES, ELECTION.WINNER_LOSER_INDIC) VALUES (1940, 'Roosevelt F D', 449, 'W');
INSERT INTO ELECTION (ELECTION.ELECTION_YEAR, ELECTION.CANDIDATE, ELECTION.VOTES, ELECTION.WINNER_LOSER_INDIC) VALUES (1940, 'Willkie W', 82, 'L');
INSERT INTO ELECTION (ELECTION.ELECTION_YEAR, ELECTION.CANDIDATE, ELECTION.VOTES, ELECTION.WINNER_LOSER_INDIC) VALUES (1944, 'Roosevelt F D', 432, 'W');
INSERT INTO ELECTION (ELECTION.ELECTION_YEAR, ELECTION.CANDIDATE, ELECTION.VOTES, ELECTION.WINNER_LOSER_INDIC) VALUES (1944, 'Dewey T E', 99, 'L');
INSERT INTO ELECTION (ELECTION.ELECTION_YEAR, ELECTION.CANDIDATE, ELECTION.VOTES, ELECTION.WINNER_LOSER_INDIC) VALUES (1948, 'Truman H S', 303, 'W');
INSERT INTO ELECTION (ELECTION.ELECTION_YEAR, ELECTION.CANDIDATE, ELECTION.VOTES, ELECTION.WINNER_LOSER_INDIC) VALUES (1948, 'Dewey T E', 189, 'L');
INSERT INTO ELECTION (ELECTION.ELECTION_YEAR, ELECTION.CANDIDATE, ELECTION.VOTES, ELECTION.WINNER_LOSER_INDIC) VALUES (1948, 'Thurmond', 39, 'L');
INSERT INTO ELECTION (ELECTION.ELECTION_YEAR, ELECTION.CANDIDATE, ELECTION.VOTES, ELECTION.WINNER_LOSER_INDIC) VALUES (1952, 'Eisenhower D D', 442, 'W');
INSERT INTO ELECTION (ELECTION.ELECTION_YEAR, ELECTION.CANDIDATE, ELECTION.VOTES, ELECTION.WINNER_LOSER_INDIC) VALUES (1952, 'Stevenson A E', 89, 'L');
INSERT INTO ELECTION (ELECTION.ELECTION_YEAR, ELECTION.CANDIDATE, ELECTION.VOTES, ELECTION.WINNER_LOSER_INDIC) VALUES (1956, 'Eisenhower D D', 457, 'W');
INSERT INTO ELECTION (ELECTION.ELECTION_YEAR, ELECTION.CANDIDATE, ELECTION.VOTES, ELECTION.WINNER_LOSER_INDIC) VALUES (1956, 'Stevenson A E', 73, 'L');
INSERT INTO ELECTION (ELECTION.ELECTION_YEAR, ELECTION.CANDIDATE, ELECTION.VOTES, ELECTION.WINNER_LOSER_INDIC) VALUES (1956, 'Jones', 1, 'L');
INSERT INTO ELECTION (ELECTION.ELECTION_YEAR, ELECTION.CANDIDATE, ELECTION.VOTES, ELECTION.WINNER_LOSER_INDIC) VALUES (1960, 'Kennedy J F', 303, 'W');
INSERT INTO ELECTION (ELECTION.ELECTION_YEAR, ELECTION.CANDIDATE, ELECTION.VOTES, ELECTION.WINNER_LOSER_INDIC) VALUES (1960, 'Nixon R M', 219, 'L');
INSERT INTO ELECTION (ELECTION.ELECTION_YEAR, ELECTION.CANDIDATE, ELECTION.VOTES, ELECTION.WINNER_LOSER_INDIC) VALUES (1960, 'Byrd', 15, 'L');
INSERT INTO ELECTION (ELECTION.ELECTION_YEAR, ELECTION.CANDIDATE, ELECTION.VOTES, ELECTION.WINNER_LOSER_INDIC) VALUES (1964, 'Johnson L B', 486, 'W');
INSERT INTO ELECTION (ELECTION.ELECTION_YEAR, ELECTION.CANDIDATE, ELECTION.VOTES, ELECTION.WINNER_LOSER_INDIC) VALUES (1964, 'Goldwater B', 52, 'L');
INSERT INTO ELECTION (ELECTION.ELECTION_YEAR, ELECTION.CANDIDATE, ELECTION.VOTES, ELECTION.WINNER_LOSER_INDIC) VALUES (1968, 'Nixon R M', 301, 'W');
INSERT INTO ELECTION (ELECTION.ELECTION_YEAR, ELECTION.CANDIDATE, ELECTION.VOTES, ELECTION.WINNER_LOSER_INDIC) VALUES (1968, 'Humphrey H H', 191, 'L');
INSERT INTO ELECTION (ELECTION.ELECTION_YEAR, ELECTION.CANDIDATE, ELECTION.VOTES, ELECTION.WINNER_LOSER_INDIC) VALUES (1968, 'Wallace G C', 46, 'L');
INSERT INTO ELECTION (ELECTION.ELECTION_YEAR, ELECTION.CANDIDATE, ELECTION.VOTES, ELECTION.WINNER_LOSER_INDIC) VALUES (1972, 'Nixon R M', 520, 'W');
INSERT INTO ELECTION (ELECTION.ELECTION_YEAR, ELECTION.CANDIDATE, ELECTION.VOTES, ELECTION.WINNER_LOSER_INDIC) VALUES (1972, 'McGovern G S', 17, 'L');
INSERT INTO ELECTION (ELECTION.ELECTION_YEAR, ELECTION.CANDIDATE, ELECTION.VOTES, ELECTION.WINNER_LOSER_INDIC) VALUES (1972, 'Hospers J', 1, 'L');
INSERT INTO ELECTION (ELECTION.ELECTION_YEAR, ELECTION.CANDIDATE, ELECTION.VOTES, ELECTION.WINNER_LOSER_INDIC) VALUES (1976, 'Carter J E', 297, 'W');
INSERT INTO ELECTION (ELECTION.ELECTION_YEAR, ELECTION.CANDIDATE, ELECTION.VOTES, ELECTION.WINNER_LOSER_INDIC) VALUES (1976, 'Ford G R', 240, 'L');
INSERT INTO ELECTION (ELECTION.ELECTION_YEAR, ELECTION.CANDIDATE, ELECTION.VOTES, ELECTION.WINNER_LOSER_INDIC) VALUES (1976, 'Reagan R W', 1, 'L');
INSERT INTO ELECTION (ELECTION.ELECTION_YEAR, ELECTION.CANDIDATE, ELECTION.VOTES, ELECTION.WINNER_LOSER_INDIC) VALUES (1980, 'Reagan R W', 489, 'W');
INSERT INTO ELECTION (ELECTION.ELECTION_YEAR, ELECTION.CANDIDATE, ELECTION.VOTES, ELECTION.WINNER_LOSER_INDIC) VALUES (1980, 'Carter J E', 49, 'L');
INSERT INTO ELECTION (ELECTION.ELECTION_YEAR, ELECTION.CANDIDATE, ELECTION.VOTES, ELECTION.WINNER_LOSER_INDIC) VALUES (1984, 'Reagan R W', 525, 'W');
INSERT INTO ELECTION (ELECTION.ELECTION_YEAR, ELECTION.CANDIDATE, ELECTION.VOTES, ELECTION.WINNER_LOSER_INDIC) VALUES (1984, 'Mondale W', 13, 'L');
INSERT INTO ELECTION (ELECTION.ELECTION_YEAR, ELECTION.CANDIDATE, ELECTION.VOTES, ELECTION.WINNER_LOSER_INDIC) VALUES (1988, 'Bush G H W', 426, 'W');
INSERT INTO ELECTION (ELECTION.ELECTION_YEAR, ELECTION.CANDIDATE, ELECTION.VOTES, ELECTION.WINNER_LOSER_INDIC) VALUES (1988, 'Dukakis M', 111, 'L');
INSERT INTO ELECTION (ELECTION.ELECTION_YEAR, ELECTION.CANDIDATE, ELECTION.VOTES, ELECTION.WINNER_LOSER_INDIC) VALUES (1988, 'Bentsen L', 1, 'L');
INSERT INTO ELECTION (ELECTION.ELECTION_YEAR, ELECTION.CANDIDATE, ELECTION.VOTES, ELECTION.WINNER_LOSER_INDIC) VALUES (1992, 'Clinton W J', 370, 'W');
INSERT INTO ELECTION (ELECTION.ELECTION_YEAR, ELECTION.CANDIDATE, ELECTION.VOTES, ELECTION.WINNER_LOSER_INDIC) VALUES (1992, 'Bush G H W', 168, 'L');
INSERT INTO ELECTION (ELECTION.ELECTION_YEAR, ELECTION.CANDIDATE, ELECTION.VOTES, ELECTION.WINNER_LOSER_INDIC) VALUES (1996, 'Clinton W J', 379, 'W');
INSERT INTO ELECTION (ELECTION.ELECTION_YEAR, ELECTION.CANDIDATE, ELECTION.VOTES, ELECTION.WINNER_LOSER_INDIC) VALUES (1996, 'Dole R', 159, 'L');
INSERT INTO ELECTION (ELECTION.ELECTION_YEAR, ELECTION.CANDIDATE, ELECTION.VOTES, ELECTION.WINNER_LOSER_INDIC) VALUES (2000, 'Bush G W', 271, 'W');
INSERT INTO ELECTION (ELECTION.ELECTION_YEAR, ELECTION.CANDIDATE, ELECTION.VOTES, ELECTION.WINNER_LOSER_INDIC) VALUES (2000, 'Gore A', 266, 'L');
INSERT INTO ELECTION (ELECTION.ELECTION_YEAR, ELECTION.CANDIDATE, ELECTION.VOTES, ELECTION.WINNER_LOSER_INDIC) VALUES (2004, 'Bush G W', 286, 'W');
INSERT INTO ELECTION (ELECTION.ELECTION_YEAR, ELECTION.CANDIDATE, ELECTION.VOTES, ELECTION.WINNER_LOSER_INDIC) VALUES (2004, 'Kerry J F', 251, 'L');
INSERT INTO ELECTION (ELECTION.ELECTION_YEAR, ELECTION.CANDIDATE, ELECTION.VOTES, ELECTION.WINNER_LOSER_INDIC) VALUES (2008, 'Obama B H', 365, 'W');
INSERT INTO ELECTION (ELECTION.ELECTION_YEAR, ELECTION.CANDIDATE, ELECTION.VOTES, ELECTION.WINNER_LOSER_INDIC) VALUES (2008, 'McCain J S', 173, 'L');
INSERT INTO ELECTION (ELECTION.ELECTION_YEAR, ELECTION.CANDIDATE, ELECTION.VOTES, ELECTION.WINNER_LOSER_INDIC) VALUES (2012, 'Obama B H', 332, 'W');
INSERT INTO ELECTION (ELECTION.ELECTION_YEAR, ELECTION.CANDIDATE, ELECTION.VOTES, ELECTION.WINNER_LOSER_INDIC) VALUES (2012, 'Romney W M', 206, 'L');
INSERT INTO ELECTION (ELECTION.ELECTION_YEAR, ELECTION.CANDIDATE, ELECTION.VOTES, ELECTION.WINNER_LOSER_INDIC) VALUES (2016, 'Trump D J', 304, 'W');
INSERT INTO ELECTION (ELECTION.ELECTION_YEAR, ELECTION.CANDIDATE, ELECTION.VOTES, ELECTION.WINNER_LOSER_INDIC) VALUES (2016, 'Clinton H D R', 227, 'L');
INSERT INTO ELECTION (ELECTION.ELECTION_YEAR, ELECTION.CANDIDATE, ELECTION.VOTES, ELECTION.WINNER_LOSER_INDIC) VALUES (2020, 'Biden J', 306, 'W');
INSERT INTO ELECTION (ELECTION.ELECTION_YEAR, ELECTION.CANDIDATE, ELECTION.VOTES, ELECTION.WINNER_LOSER_INDIC) VALUES (2020, 'Trump D J', 232, 'L');

